row_id,source_dataset,source_class,id_code,relative_image_path,candidate_bucket,confidence,auto_quality_score,contact_sheet_file,tile_position,manual_bucket,reviewer_decision,notes
row_1258,kaggle_dr_224x224_2019,Proliferate_DR,3a6e9730b298,images/proliferate_dr/row_1258_proliferate_dr_3a6e9730b298.png,dr_pattern_dominant,medium,100.0,batch_008A_contact_sheets/batch_008A_page_001.jpg,r01c01,,,
row_1290,kaggle_dr_224x224_2019,Proliferate_DR,5b5b80a3edee,images/proliferate_dr/row_1290_proliferate_dr_5b5b80a3edee.png,dr_pattern_dominant,medium,100.0,batch_008A_contact_sheets/batch_008A_page_001.jpg,r01c02,,,
row_1307,kaggle_dr_224x224_2019,Proliferate_DR,64fedbf97473,images/proliferate_dr/row_1307_proliferate_dr_64fedbf97473.png,dr_pattern_dominant,medium,100.0,batch_008A_contact_sheets/batch_008A_page_001.jpg,r01c03,,,
row_1345,kaggle_dr_224x224_2019,Proliferate_DR,7efc91af4ae6,images/proliferate_dr/row_1345_proliferate_dr_7efc91af4ae6.png,dr_pattern_dominant,medium,100.0,batch_008A_contact_sheets/batch_008A_page_001.jpg,r01c04,,,
row_1402,kaggle_dr_224x224_2019,Proliferate_DR,b99afe7137fb,images/proliferate_dr/row_1402_proliferate_dr_b99afe7137fb.png,dr_pattern_dominant,medium,98.3,batch_008A_contact_sheets/batch_008A_page_001.jpg,r02c01,,,
row_1412,kaggle_dr_224x224_2019,Proliferate_DR,bfdee9be1f1d,images/proliferate_dr/row_1412_proliferate_dr_bfdee9be1f1d.png,dr_pattern_dominant,medium,98.2,batch_008A_contact_sheets/batch_008A_page_001.jpg,r02c02,,,
row_1071,kaggle_dr_224x224_2019,Severe,6089fa333013,images/severe/row_1071_severe_6089fa333013.png,dr_pattern_dominant,medium,97.4,batch_008A_contact_sheets/batch_008A_page_001.jpg,r02c03,,,
row_1185,kaggle_dr_224x224_2019,Severe,f64214bed40e,images/severe/row_1185_severe_f64214bed40e.png,dr_pattern_dominant,medium,96.1,batch_008A_contact_sheets/batch_008A_page_001.jpg,r02c04,,,
row_1120,kaggle_dr_224x224_2019,Severe,9f37c98b8187,images/severe/row_1120_severe_9f37c98b8187.png,dr_pattern_dominant,medium,96.0,batch_008A_contact_sheets/batch_008A_page_001.jpg,r03c01,,,
row_1207,kaggle_dr_224x224_2019,Proliferate_DR,0bf37ca3156a,images/proliferate_dr/row_1207_proliferate_dr_0bf37ca3156a.png,dr_pattern_dominant,medium,95.2,batch_008A_contact_sheets/batch_008A_page_001.jpg,r03c02,,,
row_1321,kaggle_dr_224x224_2019,Proliferate_DR,6daef3e5ca22,images/proliferate_dr/row_1321_proliferate_dr_6daef3e5ca22.png,dr_pattern_dominant,medium,95.2,batch_008A_contact_sheets/batch_008A_page_001.jpg,r03c03,,,
row_1117,kaggle_dr_224x224_2019,Severe,9bafbbd152d2,images/severe/row_1117_severe_9bafbbd152d2.png,dr_pattern_dominant,medium,93.2,batch_008A_contact_sheets/batch_008A_page_001.jpg,r03c04,,,
row_1066,kaggle_dr_224x224_2019,Severe,51da6aebba8f,images/severe/row_1066_severe_51da6aebba8f.png,dr_pattern_dominant,medium,92.6,batch_008A_contact_sheets/batch_008A_page_001.jpg,r04c01,,,
row_1085,kaggle_dr_224x224_2019,Severe,72595230840c,images/severe/row_1085_severe_72595230840c.png,dr_pattern_dominant,medium,92.6,batch_008A_contact_sheets/batch_008A_page_001.jpg,r04c02,,,
row_1316,kaggle_dr_224x224_2019,Proliferate_DR,6c3745a222da,images/proliferate_dr/row_1316_proliferate_dr_6c3745a222da.png,dr_pattern_dominant,medium,92.6,batch_008A_contact_sheets/batch_008A_page_001.jpg,r04c03,,,
row_1462,kaggle_dr_224x224_2019,Proliferate_DR,eadc57064154,images/proliferate_dr/row_1462_proliferate_dr_eadc57064154.png,dr_pattern_dominant,medium,92.6,batch_008A_contact_sheets/batch_008A_page_001.jpg,r04c04,,,
row_1022,kaggle_dr_224x224_2019,Severe,1b495ac025b7,images/severe/row_1022_severe_1b495ac025b7.png,dr_pattern_dominant,medium,92.3,batch_008A_contact_sheets/batch_008A_page_002.jpg,r01c01,,,
row_1289,kaggle_dr_224x224_2019,Proliferate_DR,59fee5bc3479,images/proliferate_dr/row_1289_proliferate_dr_59fee5bc3479.png,dr_pattern_dominant,medium,92.1,batch_008A_contact_sheets/batch_008A_page_002.jpg,r01c02,,,
row_1296,kaggle_dr_224x224_2019,Proliferate_DR,5e7db41b3bee,images/proliferate_dr/row_1296_proliferate_dr_5e7db41b3bee.png,dr_pattern_dominant,medium,92.1,batch_008A_contact_sheets/batch_008A_page_002.jpg,r01c03,,,
row_1212,kaggle_dr_224x224_2019,Proliferate_DR,11242a67122d,images/proliferate_dr/row_1212_proliferate_dr_11242a67122d.png,dr_pattern_dominant,medium,92.0,batch_008A_contact_sheets/batch_008A_page_002.jpg,r01c04,,,
row_1308,kaggle_dr_224x224_2019,Proliferate_DR,65c958379680,images/proliferate_dr/row_1308_proliferate_dr_65c958379680.png,dr_pattern_dominant,medium,92.0,batch_008A_contact_sheets/batch_008A_page_002.jpg,r02c01,,,
row_1138,kaggle_dr_224x224_2019,Severe,b2ffa3e18559,images/severe/row_1138_severe_b2ffa3e18559.png,dr_pattern_dominant,medium,91.8,batch_008A_contact_sheets/batch_008A_page_002.jpg,r02c02,,,
row_1273,kaggle_dr_224x224_2019,Proliferate_DR,46d3316c4857,images/proliferate_dr/row_1273_proliferate_dr_46d3316c4857.png,dr_pattern_dominant,medium,91.7,batch_008A_contact_sheets/batch_008A_page_002.jpg,r02c03,,,
row_1068,kaggle_dr_224x224_2019,Severe,5b3e7197ac1c,images/severe/row_1068_severe_5b3e7197ac1c.png,dr_pattern_dominant,medium,91.5,batch_008A_contact_sheets/batch_008A_page_002.jpg,r02c04,,,
row_1146,kaggle_dr_224x224_2019,Severe,bb7e0a2544cd,images/severe/row_1146_severe_bb7e0a2544cd.png,dr_pattern_dominant,medium,91.4,batch_008A_contact_sheets/batch_008A_page_002.jpg,r03c01,,,
row_1177,kaggle_dr_224x224_2019,Severe,e76a9cbb2a8c,images/severe/row_1177_severe_e76a9cbb2a8c.png,dr_pattern_dominant,medium,91.4,batch_008A_contact_sheets/batch_008A_page_002.jpg,r03c02,,,
row_1214,kaggle_dr_224x224_2019,Proliferate_DR,1638404f385c,images/proliferate_dr/row_1214_proliferate_dr_1638404f385c.png,dr_pattern_dominant,medium,91.4,batch_008A_contact_sheets/batch_008A_page_002.jpg,r03c03,,,
row_1287,kaggle_dr_224x224_2019,Proliferate_DR,576e189d23d4,images/proliferate_dr/row_1287_proliferate_dr_576e189d23d4.png,dr_pattern_dominant,medium,91.4,batch_008A_contact_sheets/batch_008A_page_002.jpg,r03c04,,,
row_1425,kaggle_dr_224x224_2019,Proliferate_DR,cc3d2e961768,images/proliferate_dr/row_1425_proliferate_dr_cc3d2e961768.png,dr_pattern_dominant,medium,91.4,batch_008A_contact_sheets/batch_008A_page_002.jpg,r04c01,,,
row_1424,kaggle_dr_224x224_2019,Proliferate_DR,cbd0870aa933,images/proliferate_dr/row_1424_proliferate_dr_cbd0870aa933.png,dr_pattern_dominant,medium,91.3,batch_008A_contact_sheets/batch_008A_page_002.jpg,r04c02,,,
row_1201,kaggle_dr_224x224_2019,Proliferate_DR,07122e268a1d,images/proliferate_dr/row_1201_proliferate_dr_07122e268a1d.png,dr_pattern_dominant,medium,90.5,batch_008A_contact_sheets/batch_008A_page_002.jpg,r04c03,,,
row_1442,kaggle_dr_224x224_2019,Proliferate_DR,dad71ba27a9b,images/proliferate_dr/row_1442_proliferate_dr_dad71ba27a9b.png,dr_pattern_dominant,medium,90.3,batch_008A_contact_sheets/batch_008A_page_002.jpg,r04c04,,,
row_1240,kaggle_dr_224x224_2019,Proliferate_DR,26463a5fb949,images/proliferate_dr/row_1240_proliferate_dr_26463a5fb949.png,dr_pattern_dominant,medium,90.2,batch_008A_contact_sheets/batch_008A_page_003.jpg,r01c01,,,
row_1170,kaggle_dr_224x224_2019,Severe,e13412678eff,images/severe/row_1170_severe_e13412678eff.png,dr_pattern_dominant,medium,90.1,batch_008A_contact_sheets/batch_008A_page_003.jpg,r01c02,,,
row_1106,kaggle_dr_224x224_2019,Severe,8c0d05233238,images/severe/row_1106_severe_8c0d05233238.png,dr_pattern_dominant,medium,89.8,batch_008A_contact_sheets/batch_008A_page_003.jpg,r01c03,,,
row_1365,kaggle_dr_224x224_2019,Proliferate_DR,8db2ce991101,images/proliferate_dr/row_1365_proliferate_dr_8db2ce991101.png,dr_pattern_dominant,medium,89.8,batch_008A_contact_sheets/batch_008A_page_003.jpg,r01c04,,,
row_1081,kaggle_dr_224x224_2019,Severe,6e92b1c5ac8e,images/severe/row_1081_severe_6e92b1c5ac8e.png,dr_pattern_dominant,medium,89.6,batch_008A_contact_sheets/batch_008A_page_003.jpg,r02c01,,,
row_1119,kaggle_dr_224x224_2019,Severe,9c52b87d01f1,images/severe/row_1119_severe_9c52b87d01f1.png,dr_pattern_dominant,medium,89.6,batch_008A_contact_sheets/batch_008A_page_003.jpg,r02c02,,,
row_1432,kaggle_dr_224x224_2019,Proliferate_DR,d1a24527a15d,images/proliferate_dr/row_1432_proliferate_dr_d1a24527a15d.png,dr_pattern_dominant,medium,89.5,batch_008A_contact_sheets/batch_008A_page_003.jpg,r02c03,,,
row_1009,kaggle_dr_224x224_2019,Severe,0cb14014117d,images/severe/row_1009_severe_0cb14014117d.png,dr_pattern_dominant,medium,89.3,batch_008A_contact_sheets/batch_008A_page_003.jpg,r02c04,,,
row_1418,kaggle_dr_224x224_2019,Proliferate_DR,c3d12a23f451,images/proliferate_dr/row_1418_proliferate_dr_c3d12a23f451.png,dr_pattern_dominant,medium,89.3,batch_008A_contact_sheets/batch_008A_page_003.jpg,r03c01,,,
row_1293,kaggle_dr_224x224_2019,Proliferate_DR,5c7ab966a3ee,images/proliferate_dr/row_1293_proliferate_dr_5c7ab966a3ee.png,dr_pattern_dominant,medium,89.2,batch_008A_contact_sheets/batch_008A_page_003.jpg,r03c02,,,
row_1423,kaggle_dr_224x224_2019,Proliferate_DR,cb547e723a16,images/proliferate_dr/row_1423_proliferate_dr_cb547e723a16.png,dr_pattern_dominant,medium,89.0,batch_008A_contact_sheets/batch_008A_page_003.jpg,r03c03,,,
row_1262,kaggle_dr_224x224_2019,Proliferate_DR,3b4a5fcbe5e0,images/proliferate_dr/row_1262_proliferate_dr_3b4a5fcbe5e0.png,dr_pattern_dominant,medium,88.8,batch_008A_contact_sheets/batch_008A_page_003.jpg,r03c04,,,
row_1264,kaggle_dr_224x224_2019,Proliferate_DR,3ca637fddd56,images/proliferate_dr/row_1264_proliferate_dr_3ca637fddd56.png,dr_pattern_dominant,medium,88.8,batch_008A_contact_sheets/batch_008A_page_003.jpg,r04c01,,,
row_1047,kaggle_dr_224x224_2019,Severe,3fa4f4d77177,images/severe/row_1047_severe_3fa4f4d77177.png,dr_pattern_dominant,medium,88.7,batch_008A_contact_sheets/batch_008A_page_003.jpg,r04c02,,,
row_1154,kaggle_dr_224x224_2019,Severe,c5ba9e455d5e,images/severe/row_1154_severe_c5ba9e455d5e.png,dr_pattern_dominant,medium,88.5,batch_008A_contact_sheets/batch_008A_page_003.jpg,r04c03,,,
row_1356,kaggle_dr_224x224_2019,Proliferate_DR,8785b71238d8,images/proliferate_dr/row_1356_proliferate_dr_8785b71238d8.png,dr_pattern_dominant,medium,88.2,batch_008A_contact_sheets/batch_008A_page_003.jpg,r04c04,,,
row_1393,kaggle_dr_224x224_2019,Proliferate_DR,b37aae3c8fe1,images/proliferate_dr/row_1393_proliferate_dr_b37aae3c8fe1.png,dr_pattern_dominant,medium,88.2,batch_008A_contact_sheets/batch_008A_page_004.jpg,r01c01,,,
row_1199,kaggle_dr_224x224_2019,Proliferate_DR,034cb07a550f,images/proliferate_dr/row_1199_proliferate_dr_034cb07a550f.png,dr_pattern_dominant,medium,88.0,batch_008A_contact_sheets/batch_008A_page_004.jpg,r01c02,,,
row_1422,kaggle_dr_224x224_2019,Proliferate_DR,c8d2d32f7f29,images/proliferate_dr/row_1422_proliferate_dr_c8d2d32f7f29.png,dr_pattern_dominant,medium,88.0,batch_008A_contact_sheets/batch_008A_page_004.jpg,r01c03,,,
row_1374,kaggle_dr_224x224_2019,Proliferate_DR,9a496b1e20f9,images/proliferate_dr/row_1374_proliferate_dr_9a496b1e20f9.png,dr_pattern_dominant,medium,87.9,batch_008A_contact_sheets/batch_008A_page_004.jpg,r01c04,,,
row_1417,kaggle_dr_224x224_2019,Proliferate_DR,c1896142a20a,images/proliferate_dr/row_1417_proliferate_dr_c1896142a20a.png,dr_pattern_dominant,medium,87.9,batch_008A_contact_sheets/batch_008A_page_004.jpg,r02c01,,,
row_1270,kaggle_dr_224x224_2019,Proliferate_DR,44ecf3f4efa5,images/proliferate_dr/row_1270_proliferate_dr_44ecf3f4efa5.png,dr_pattern_dominant,medium,87.8,batch_008A_contact_sheets/batch_008A_page_004.jpg,r02c02,,,
row_1341,kaggle_dr_224x224_2019,Proliferate_DR,7cc4b7aabe04,images/proliferate_dr/row_1341_proliferate_dr_7cc4b7aabe04.png,dr_pattern_dominant,medium,87.8,batch_008A_contact_sheets/batch_008A_page_004.jpg,r02c03,,,
row_1026,kaggle_dr_224x224_2019,Severe,25b0e72705a8,images/severe/row_1026_severe_25b0e72705a8.png,dr_pattern_dominant,medium,87.4,batch_008A_contact_sheets/batch_008A_page_004.jpg,r02c04,,,
row_1405,kaggle_dr_224x224_2019,Proliferate_DR,ba735b286d62,images/proliferate_dr/row_1405_proliferate_dr_ba735b286d62.png,dr_pattern_dominant,medium,87.1,batch_008A_contact_sheets/batch_008A_page_004.jpg,r03c01,,,
row_1466,kaggle_dr_224x224_2019,Proliferate_DR,ed3a0fc5b546,images/proliferate_dr/row_1466_proliferate_dr_ed3a0fc5b546.png,dr_pattern_dominant,medium,87.1,batch_008A_contact_sheets/batch_008A_page_004.jpg,r03c02,,,
row_1272,kaggle_dr_224x224_2019,Proliferate_DR,46cdc8b685bd,images/proliferate_dr/row_1272_proliferate_dr_46cdc8b685bd.png,dr_pattern_dominant,medium,86.9,batch_008A_contact_sheets/batch_008A_page_004.jpg,r03c03,,,
row_1359,kaggle_dr_224x224_2019,Proliferate_DR,8ae049175db6,images/proliferate_dr/row_1359_proliferate_dr_8ae049175db6.png,dr_pattern_dominant,medium,86.8,batch_008A_contact_sheets/batch_008A_page_004.jpg,r03c04,,,
row_1149,kaggle_dr_224x224_2019,Severe,c0a0828e01b4,images/severe/row_1149_severe_c0a0828e01b4.png,dr_pattern_dominant,medium,86.6,batch_008A_contact_sheets/batch_008A_page_004.jpg,r04c01,,,
row_1002,kaggle_dr_224x224_2019,Severe,042470a92154,images/severe/row_1002_severe_042470a92154.png,dr_pattern_dominant,medium,86.5,batch_008A_contact_sheets/batch_008A_page_004.jpg,r04c02,,,
row_1137,kaggle_dr_224x224_2019,Severe,b191ba0a2b12,images/severe/row_1137_severe_b191ba0a2b12.png,dr_pattern_dominant,medium,86.5,batch_008A_contact_sheets/batch_008A_page_004.jpg,r04c03,,,
row_1310,kaggle_dr_224x224_2019,Proliferate_DR,6630f8675a97,images/proliferate_dr/row_1310_proliferate_dr_6630f8675a97.png,dr_pattern_dominant,medium,86.5,batch_008A_contact_sheets/batch_008A_page_004.jpg,r04c04,,,
row_1353,kaggle_dr_224x224_2019,Proliferate_DR,873dcc0b468f,images/proliferate_dr/row_1353_proliferate_dr_873dcc0b468f.png,dr_pattern_dominant,medium,86.4,batch_008A_contact_sheets/batch_008A_page_005.jpg,r01c01,,,
row_1147,kaggle_dr_224x224_2019,Severe,bec0acd539b2,images/severe/row_1147_severe_bec0acd539b2.png,dr_pattern_dominant,medium,86.2,batch_008A_contact_sheets/batch_008A_page_005.jpg,r01c02,,,
row_1215,kaggle_dr_224x224_2019,Proliferate_DR,165cd2070ebd,images/proliferate_dr/row_1215_proliferate_dr_165cd2070ebd.png,dr_pattern_dominant,medium,86.1,batch_008A_contact_sheets/batch_008A_page_005.jpg,r01c03,,,
row_1062,kaggle_dr_224x224_2019,Severe,4fecf87184e6,images/severe/row_1062_severe_4fecf87184e6.png,dr_pattern_dominant,medium,86.0,batch_008A_contact_sheets/batch_008A_page_005.jpg,r01c04,,,
row_1118,kaggle_dr_224x224_2019,Severe,9bf060db8376,images/severe/row_1118_severe_9bf060db8376.png,dr_pattern_dominant,medium,86.0,batch_008A_contact_sheets/batch_008A_page_005.jpg,r02c01,,,
row_1168,kaggle_dr_224x224_2019,Severe,dd3dad6ca78f,images/severe/row_1168_severe_dd3dad6ca78f.png,dr_pattern_dominant,medium,85.9,batch_008A_contact_sheets/batch_008A_page_005.jpg,r02c02,,,
row_1371,kaggle_dr_224x224_2019,Proliferate_DR,95e732e043a1,images/proliferate_dr/row_1371_proliferate_dr_95e732e043a1.png,dr_pattern_dominant,medium,85.9,batch_008A_contact_sheets/batch_008A_page_005.jpg,r02c03,,,
row_1094,kaggle_dr_224x224_2019,Severe,7d3835e4e63a,images/severe/row_1094_severe_7d3835e4e63a.png,dr_pattern_dominant,medium,85.7,batch_008A_contact_sheets/batch_008A_page_005.jpg,r02c04,,,
row_1274,kaggle_dr_224x224_2019,Proliferate_DR,499c8df39222,images/proliferate_dr/row_1274_proliferate_dr_499c8df39222.png,dr_pattern_dominant,medium,85.7,batch_008A_contact_sheets/batch_008A_page_005.jpg,r03c01,,,
row_1331,kaggle_dr_224x224_2019,Proliferate_DR,753b14c27c83,images/proliferate_dr/row_1331_proliferate_dr_753b14c27c83.png,dr_pattern_dominant,medium,85.6,batch_008A_contact_sheets/batch_008A_page_005.jpg,r03c02,,,
row_1227,kaggle_dr_224x224_2019,Proliferate_DR,2017cd92c63d,images/proliferate_dr/row_1227_proliferate_dr_2017cd92c63d.png,dr_pattern_dominant,medium,85.5,batch_008A_contact_sheets/batch_008A_page_005.jpg,r03c03,,,
row_1367,kaggle_dr_224x224_2019,Proliferate_DR,8f318a978844,images/proliferate_dr/row_1367_proliferate_dr_8f318a978844.png,dr_pattern_dominant,medium,85.3,batch_008A_contact_sheets/batch_008A_page_005.jpg,r03c04,,,
row_1221,kaggle_dr_224x224_2019,Proliferate_DR,1b32e1d775ea,images/proliferate_dr/row_1221_proliferate_dr_1b32e1d775ea.png,dr_pattern_dominant,medium,85.2,batch_008A_contact_sheets/batch_008A_page_005.jpg,r04c01,,,
row_1271,kaggle_dr_224x224_2019,Proliferate_DR,4689b739d240,images/proliferate_dr/row_1271_proliferate_dr_4689b739d240.png,dr_pattern_dominant,medium,85.2,batch_008A_contact_sheets/batch_008A_page_005.jpg,r04c02,,,
row_1461,kaggle_dr_224x224_2019,Proliferate_DR,eaa0dfbd5024,images/proliferate_dr/row_1461_proliferate_dr_eaa0dfbd5024.png,dr_pattern_dominant,medium,85.1,batch_008A_contact_sheets/batch_008A_page_005.jpg,r04c03,,,
row_1250,kaggle_dr_224x224_2019,Proliferate_DR,312694ea8e6a,images/proliferate_dr/row_1250_proliferate_dr_312694ea8e6a.png,dr_pattern_dominant,medium,84.9,batch_008A_contact_sheets/batch_008A_page_005.jpg,r04c04,,,
row_1048,kaggle_dr_224x224_2019,Severe,405b4f78658f,images/severe/row_1048_severe_405b4f78658f.png,dr_pattern_dominant,medium,84.4,batch_008A_contact_sheets/batch_008A_page_006.jpg,r01c01,,,
row_1339,kaggle_dr_224x224_2019,Proliferate_DR,7c629b491d1a,images/proliferate_dr/row_1339_proliferate_dr_7c629b491d1a.png,dr_pattern_dominant,medium,84.4,batch_008A_contact_sheets/batch_008A_page_006.jpg,r01c02,,,
row_1007,kaggle_dr_224x224_2019,Severe,093a42649c29,images/severe/row_1007_severe_093a42649c29.png,dr_pattern_dominant,medium,84.1,batch_008A_contact_sheets/batch_008A_page_006.jpg,r01c03,,,
row_1011,kaggle_dr_224x224_2019,Severe,0edadb2aa127,images/severe/row_1011_severe_0edadb2aa127.png,dr_pattern_dominant,medium,84.0,batch_008A_contact_sheets/batch_008A_page_006.jpg,r01c04,,,
row_1335,kaggle_dr_224x224_2019,Proliferate_DR,79d44db3da2d,images/proliferate_dr/row_1335_proliferate_dr_79d44db3da2d.png,dr_pattern_dominant,medium,83.9,batch_008A_contact_sheets/batch_008A_page_006.jpg,r02c01,,,
row_1372,kaggle_dr_224x224_2019,Proliferate_DR,97da093947e8,images/proliferate_dr/row_1372_proliferate_dr_97da093947e8.png,dr_pattern_dominant,medium,83.6,batch_008A_contact_sheets/batch_008A_page_006.jpg,r02c02,,,
row_1337,kaggle_dr_224x224_2019,Proliferate_DR,7b211d8bd249,images/proliferate_dr/row_1337_proliferate_dr_7b211d8bd249.png,dr_pattern_dominant,medium,83.1,batch_008A_contact_sheets/batch_008A_page_006.jpg,r02c03,,,
row_1384,kaggle_dr_224x224_2019,Proliferate_DR,a3fcf42ff56d,images/proliferate_dr/row_1384_proliferate_dr_a3fcf42ff56d.png,dr_pattern_dominant,medium,83.0,batch_008A_contact_sheets/batch_008A_page_006.jpg,r02c04,,,
row_1235,kaggle_dr_224x224_2019,Proliferate_DR,247e98aba610,images/proliferate_dr/row_1235_proliferate_dr_247e98aba610.png,dr_pattern_dominant,medium,82.8,batch_008A_contact_sheets/batch_008A_page_006.jpg,r03c01,,,
row_1437,kaggle_dr_224x224_2019,Proliferate_DR,d51b3fe0fa1b,images/proliferate_dr/row_1437_proliferate_dr_d51b3fe0fa1b.png,dr_pattern_dominant,medium,82.8,batch_008A_contact_sheets/batch_008A_page_006.jpg,r03c02,,,
row_1444,kaggle_dr_224x224_2019,Proliferate_DR,df4913ca3712,images/proliferate_dr/row_1444_proliferate_dr_df4913ca3712.png,dr_pattern_dominant,medium,82.8,batch_008A_contact_sheets/batch_008A_page_006.jpg,r03c03,,,
row_1370,kaggle_dr_224x224_2019,Proliferate_DR,94ef1d14597f,images/proliferate_dr/row_1370_proliferate_dr_94ef1d14597f.png,dr_pattern_dominant,medium,82.3,batch_008A_contact_sheets/batch_008A_page_006.jpg,r03c04,,,
row_1192,kaggle_dr_224x224_2019,Severe,fe0fc67c7980,images/severe/row_1192_severe_fe0fc67c7980.png,dr_pattern_dominant,medium,82.1,batch_008A_contact_sheets/batch_008A_page_006.jpg,r04c01,,,
row_1229,kaggle_dr_224x224_2019,Proliferate_DR,211518c46162,images/proliferate_dr/row_1229_proliferate_dr_211518c46162.png,dr_pattern_dominant,medium,81.5,batch_008A_contact_sheets/batch_008A_page_006.jpg,r04c02,,,
row_1277,kaggle_dr_224x224_2019,Proliferate_DR,4a7dc013e802,images/proliferate_dr/row_1277_proliferate_dr_4a7dc013e802.png,dr_pattern_dominant,medium,81.2,batch_008A_contact_sheets/batch_008A_page_006.jpg,r04c03,,,
row_1400,kaggle_dr_224x224_2019,Proliferate_DR,b90bc89ce8d8,images/proliferate_dr/row_1400_proliferate_dr_b90bc89ce8d8.png,dr_pattern_dominant,medium,81.2,batch_008A_contact_sheets/batch_008A_page_006.jpg,r04c04,,,
row_1268,kaggle_dr_224x224_2019,Proliferate_DR,408ea9d5e082,images/proliferate_dr/row_1268_proliferate_dr_408ea9d5e082.png,dr_pattern_dominant,medium,80.8,batch_008A_contact_sheets/batch_008A_page_007.jpg,r01c01,,,
row_1222,kaggle_dr_224x224_2019,Proliferate_DR,1bf30c84bbad,images/proliferate_dr/row_1222_proliferate_dr_1bf30c84bbad.png,dr_pattern_dominant,medium,80.7,batch_008A_contact_sheets/batch_008A_page_007.jpg,r01c02,,,
row_1194,kaggle_dr_224x224_2019,Proliferate_DR,0083ee8054ee,images/proliferate_dr/row_1194_proliferate_dr_0083ee8054ee.png,dr_pattern_dominant,medium,80.4,batch_008A_contact_sheets/batch_008A_page_007.jpg,r01c03,,,
row_1035,kaggle_dr_224x224_2019,Severe,3218a6d8eb2c,images/severe/row_1035_severe_3218a6d8eb2c.png,dr_pattern_dominant,medium,79.4,batch_008A_contact_sheets/batch_008A_page_007.jpg,r01c04,,,
row_1349,kaggle_dr_224x224_2019,Proliferate_DR,84c663f39632,images/proliferate_dr/row_1349_proliferate_dr_84c663f39632.png,dr_pattern_dominant,medium,78.8,batch_008A_contact_sheets/batch_008A_page_007.jpg,r02c01,,,
row_1061,kaggle_dr_224x224_2019,Severe,4f0866b90c27,images/severe/row_1061_severe_4f0866b90c27.png,dr_pattern_dominant,medium,73.3,batch_008A_contact_sheets/batch_008A_page_007.jpg,r02c02,,,
row_1455,kaggle_dr_224x224_2019,Proliferate_DR,e4f12411fd85,images/proliferate_dr/row_1455_proliferate_dr_e4f12411fd85.png,dr_pattern_dominant,medium,67.2,batch_008A_contact_sheets/batch_008A_page_007.jpg,r02c03,,,
row_1039,kaggle_dr_224x224_2019,Severe,36865bbc64d6,images/severe/row_1039_severe_36865bbc64d6.png,dr_pattern_dominant,medium,67.0,batch_008A_contact_sheets/batch_008A_page_007.jpg,r02c04,,,
row_1483,kaggle_dr_224x224_2019,Proliferate_DR,fa59221cf464,images/proliferate_dr/row_1483_proliferate_dr_fa59221cf464.png,dr_pattern_dominant,medium,66.0,batch_008A_contact_sheets/batch_008A_page_007.jpg,r03c01,,,
row_0379,kaggle_dr_224x224_2019,Moderate,5905a9b06a73,images/moderate/row_0379_moderate_5905a9b06a73.png,dr_pattern_dominant,low_medium,100.0,batch_008A_contact_sheets/batch_008A_page_007.jpg,r03c02,,,
row_0466,kaggle_dr_224x224_2019,Moderate,73e83a07a16d,images/moderate/row_0466_moderate_73e83a07a16d.png,dr_pattern_dominant,low_medium,100.0,batch_008A_contact_sheets/batch_008A_page_007.jpg,r03c03,,,
row_0660,kaggle_dr_224x224_2019,Moderate,a47878630dc2,images/moderate/row_0660_moderate_a47878630dc2.png,dr_pattern_dominant,low_medium,100.0,batch_008A_contact_sheets/batch_008A_page_007.jpg,r03c04,,,
row_0700,kaggle_dr_224x224_2019,Moderate,ac720570dd0f,images/moderate/row_0700_moderate_ac720570dd0f.png,dr_pattern_dominant,low_medium,100.0,batch_008A_contact_sheets/batch_008A_page_007.jpg,r04c01,,,
row_0797,kaggle_dr_224x224_2019,Moderate,c7c0470bcf87,images/moderate/row_0797_moderate_c7c0470bcf87.png,dr_pattern_dominant,low_medium,100.0,batch_008A_contact_sheets/batch_008A_page_007.jpg,r04c02,,,
row_0859,kaggle_dr_224x224_2019,Moderate,d8404680bba6,images/moderate/row_0859_moderate_d8404680bba6.png,dr_pattern_dominant,low_medium,100.0,batch_008A_contact_sheets/batch_008A_page_007.jpg,r04c03,,,
row_0725,kaggle_dr_224x224_2019,Moderate,b3d12069e1c5,images/moderate/row_0725_moderate_b3d12069e1c5.png,dr_pattern_dominant,low_medium,99.8,batch_008A_contact_sheets/batch_008A_page_007.jpg,r04c04,,,
row_0787,kaggle_dr_224x224_2019,Moderate,c561bcd519e9,images/moderate/row_0787_moderate_c561bcd519e9.png,dr_pattern_dominant,low_medium,99.4,batch_008A_contact_sheets/batch_008A_page_008.jpg,r01c01,,,
row_0371,kaggle_dr_224x224_2019,Moderate,5723d0ec895e,images/moderate/row_0371_moderate_5723d0ec895e.png,dr_pattern_dominant,low_medium,99.0,batch_008A_contact_sheets/batch_008A_page_008.jpg,r01c02,,,
row_0441,kaggle_dr_224x224_2019,Moderate,6b7cf869622a,images/moderate/row_0441_moderate_6b7cf869622a.png,dr_pattern_dominant,low_medium,98.4,batch_008A_contact_sheets/batch_008A_page_008.jpg,r01c03,,,
row_0376,kaggle_dr_224x224_2019,Moderate,57f933d3d7c7,images/moderate/row_0376_moderate_57f933d3d7c7.png,dr_pattern_dominant,low_medium,98.2,batch_008A_contact_sheets/batch_008A_page_008.jpg,r01c04,,,
row_0003,kaggle_dr_224x224_2019,Moderate,00b74780d31d,images/moderate/row_0003_moderate_00b74780d31d.png,dr_pattern_dominant,low_medium,97.8,batch_008A_contact_sheets/batch_008A_page_008.jpg,r02c01,,,
row_0703,kaggle_dr_224x224_2019,Moderate,ad570b850a4f,images/moderate/row_0703_moderate_ad570b850a4f.png,dr_pattern_dominant,low_medium,97.8,batch_008A_contact_sheets/batch_008A_page_008.jpg,r02c02,,,
row_0013,kaggle_dr_224x224_2019,Moderate,033f2b43de6d,images/moderate/row_0013_moderate_033f2b43de6d.png,dr_pattern_dominant,low_medium,97.7,batch_008A_contact_sheets/batch_008A_page_008.jpg,r02c03,,,
row_0037,kaggle_dr_224x224_2019,Moderate,0a09aa7356c0,images/moderate/row_0037_moderate_0a09aa7356c0.png,dr_pattern_dominant,low_medium,97.7,batch_008A_contact_sheets/batch_008A_page_008.jpg,r02c04,,,
row_0425,kaggle_dr_224x224_2019,Moderate,668e853258cd,images/moderate/row_0425_moderate_668e853258cd.png,dr_pattern_dominant,low_medium,97.6,batch_008A_contact_sheets/batch_008A_page_008.jpg,r03c01,,,
row_0969,kaggle_dr_224x224_2019,Moderate,f583a722434c,images/moderate/row_0969_moderate_f583a722434c.png,dr_pattern_dominant,low_medium,97.6,batch_008A_contact_sheets/batch_008A_page_008.jpg,r03c02,,,
row_0657,kaggle_dr_224x224_2019,Moderate,a4359815f152,images/moderate/row_0657_moderate_a4359815f152.png,dr_pattern_dominant,low_medium,97.3,batch_008A_contact_sheets/batch_008A_page_008.jpg,r03c03,,,
row_0886,kaggle_dr_224x224_2019,Moderate,df3adfd6ba36,images/moderate/row_0886_moderate_df3adfd6ba36.png,dr_pattern_dominant,low_medium,97.3,batch_008A_contact_sheets/batch_008A_page_008.jpg,r03c04,,,
row_0661,kaggle_dr_224x224_2019,Moderate,a49b0b4484ea,images/moderate/row_0661_moderate_a49b0b4484ea.png,dr_pattern_dominant,low_medium,96.8,batch_008A_contact_sheets/batch_008A_page_008.jpg,r04c01,,,
row_0942,kaggle_dr_224x224_2019,Moderate,eae901557a84,images/moderate/row_0942_moderate_eae901557a84.png,dr_pattern_dominant,low_medium,96.1,batch_008A_contact_sheets/batch_008A_page_008.jpg,r04c02,,,
row_0243,kaggle_dr_224x224_2019,Moderate,3c1efa38d0da,images/moderate/row_0243_moderate_3c1efa38d0da.png,dr_pattern_dominant,low_medium,95.9,batch_008A_contact_sheets/batch_008A_page_008.jpg,r04c03,,,
row_0274,kaggle_dr_224x224_2019,Moderate,42b08dca9b2f,images/moderate/row_0274_moderate_42b08dca9b2f.png,dr_pattern_dominant,low_medium,95.6,batch_008A_contact_sheets/batch_008A_page_008.jpg,r04c04,,,
row_0408,kaggle_dr_224x224_2019,Moderate,61c2fbd16e38,images/moderate/row_0408_moderate_61c2fbd16e38.png,dr_pattern_dominant,low_medium,95.3,batch_008A_contact_sheets/batch_008A_page_009.jpg,r01c01,,,
row_0202,kaggle_dr_224x224_2019,Moderate,2e79041ef722,images/moderate/row_0202_moderate_2e79041ef722.png,dr_pattern_dominant,low_medium,95.2,batch_008A_contact_sheets/batch_008A_page_009.jpg,r01c02,,,
row_0393,kaggle_dr_224x224_2019,Moderate,5cc6dea19614,images/moderate/row_0393_moderate_5cc6dea19614.png,dr_pattern_dominant,low_medium,95.2,batch_008A_contact_sheets/batch_008A_page_009.jpg,r01c03,,,
row_0187,kaggle_dr_224x224_2019,Moderate,2af1bf226f51,images/moderate/row_0187_moderate_2af1bf226f51.png,dr_pattern_dominant,low_medium,95.1,batch_008A_contact_sheets/batch_008A_page_009.jpg,r01c04,,,
row_0850,kaggle_dr_224x224_2019,Moderate,d4be0403e6ab,images/moderate/row_0850_moderate_d4be0403e6ab.png,dr_pattern_dominant,low_medium,95.0,batch_008A_contact_sheets/batch_008A_page_009.jpg,r02c01,,,
row_0211,kaggle_dr_224x224_2019,Moderate,3128eb593012,images/moderate/row_0211_moderate_3128eb593012.png,dr_pattern_dominant,low_medium,94.8,batch_008A_contact_sheets/batch_008A_page_009.jpg,r02c02,,,
row_0277,kaggle_dr_224x224_2019,Moderate,436e1793d240,images/moderate/row_0277_moderate_436e1793d240.png,dr_pattern_dominant,low_medium,94.7,batch_008A_contact_sheets/batch_008A_page_009.jpg,r02c03,,,
row_0611,kaggle_dr_224x224_2019,Moderate,9a9b21215c55,images/moderate/row_0611_moderate_9a9b21215c55.png,dr_pattern_dominant,low_medium,94.7,batch_008A_contact_sheets/batch_008A_page_009.jpg,r02c04,,,
row_0317,kaggle_dr_224x224_2019,Moderate,4a558a1cd243,images/moderate/row_0317_moderate_4a558a1cd243.png,dr_pattern_dominant,low_medium,93.7,batch_008A_contact_sheets/batch_008A_page_009.jpg,r03c01,,,
row_0340,kaggle_dr_224x224_2019,Moderate,510aa0a898fa,images/moderate/row_0340_moderate_510aa0a898fa.png,dr_pattern_dominant,low_medium,93.6,batch_008A_contact_sheets/batch_008A_page_009.jpg,r03c02,,,
row_0849,kaggle_dr_224x224_2019,Moderate,d473f6fafba0,images/moderate/row_0849_moderate_d473f6fafba0.png,dr_pattern_dominant,low_medium,93.5,batch_008A_contact_sheets/batch_008A_page_009.jpg,r03c03,,,
row_0846,kaggle_dr_224x224_2019,Moderate,d3be5346684b,images/moderate/row_0846_moderate_d3be5346684b.png,dr_pattern_dominant,low_medium,93.4,batch_008A_contact_sheets/batch_008A_page_009.jpg,r03c04,,,
row_0054,kaggle_dr_224x224_2019,Moderate,0fb560f9adb2,images/moderate/row_0054_moderate_0fb560f9adb2.png,dr_pattern_dominant,low_medium,93.3,batch_008A_contact_sheets/batch_008A_page_009.jpg,r04c01,,,
row_0023,kaggle_dr_224x224_2019,Moderate,052d9a3fe55a,images/moderate/row_0023_moderate_052d9a3fe55a.png,dr_pattern_dominant,low_medium,92.9,batch_008A_contact_sheets/batch_008A_page_009.jpg,r04c02,,,
row_0070,kaggle_dr_224x224_2019,Moderate,13063d1bc4ea,images/moderate/row_0070_moderate_13063d1bc4ea.png,dr_pattern_dominant,low_medium,92.8,batch_008A_contact_sheets/batch_008A_page_009.jpg,r04c03,,,
row_0458,kaggle_dr_224x224_2019,Moderate,70f5caf5f305,images/moderate/row_0458_moderate_70f5caf5f305.png,dr_pattern_dominant,low_medium,92.8,batch_008A_contact_sheets/batch_008A_page_009.jpg,r04c04,,,
row_0586,kaggle_dr_224x224_2019,Moderate,932181b93b2f,images/moderate/row_0586_moderate_932181b93b2f.png,dr_pattern_dominant,low_medium,92.7,batch_008A_contact_sheets/batch_008A_page_010.jpg,r01c01,,,
row_0014,kaggle_dr_224x224_2019,Moderate,03676c71ed1b,images/moderate/row_0014_moderate_03676c71ed1b.png,dr_pattern_dominant,low_medium,92.6,batch_008A_contact_sheets/batch_008A_page_010.jpg,r01c02,,,
row_0448,kaggle_dr_224x224_2019,Moderate,6d3d1fe6c32a,images/moderate/row_0448_moderate_6d3d1fe6c32a.png,dr_pattern_dominant,low_medium,92.6,batch_008A_contact_sheets/batch_008A_page_010.jpg,r01c03,,,
row_0007,kaggle_dr_224x224_2019,Moderate,0180bfa26c0b,images/moderate/row_0007_moderate_0180bfa26c0b.png,dr_pattern_dominant,low_medium,92.5,batch_008A_contact_sheets/batch_008A_page_010.jpg,r01c04,,,
row_0149,kaggle_dr_224x224_2019,Moderate,236f56771ec6,images/moderate/row_0149_moderate_236f56771ec6.png,dr_pattern_dominant,low_medium,92.4,batch_008A_contact_sheets/batch_008A_page_010.jpg,r02c01,,,
row_0360,kaggle_dr_224x224_2019,Moderate,5327f88a1919,images/moderate/row_0360_moderate_5327f88a1919.png,dr_pattern_dominant,low_medium,92.3,batch_008A_contact_sheets/batch_008A_page_010.jpg,r02c02,,,
row_0918,kaggle_dr_224x224_2019,Moderate,e65f94ad9be3,images/moderate/row_0918_moderate_e65f94ad9be3.png,dr_pattern_dominant,low_medium,92.3,batch_008A_contact_sheets/batch_008A_page_010.jpg,r02c03,,,
row_0261,kaggle_dr_224x224_2019,Moderate,3fd7df6099e3,images/moderate/row_0261_moderate_3fd7df6099e3.png,dr_pattern_dominant,low_medium,92.2,batch_008A_contact_sheets/batch_008A_page_010.jpg,r02c04,,,
row_0656,kaggle_dr_224x224_2019,Moderate,a3b2e93d058b,images/moderate/row_0656_moderate_a3b2e93d058b.png,dr_pattern_dominant,low_medium,92.2,batch_008A_contact_sheets/batch_008A_page_010.jpg,r03c01,,,
row_0647,kaggle_dr_224x224_2019,Moderate,a1b12fdce6c3,images/moderate/row_0647_moderate_a1b12fdce6c3.png,dr_pattern_dominant,low_medium,92.1,batch_008A_contact_sheets/batch_008A_page_010.jpg,r03c02,,,
row_0763,kaggle_dr_224x224_2019,Moderate,be21d8b60e2a,images/moderate/row_0763_moderate_be21d8b60e2a.png,dr_pattern_dominant,low_medium,92.0,batch_008A_contact_sheets/batch_008A_page_010.jpg,r03c03,,,
row_0748,kaggle_dr_224x224_2019,Moderate,b98f77098b9d,images/moderate/row_0748_moderate_b98f77098b9d.png,dr_pattern_dominant,low_medium,91.8,batch_008A_contact_sheets/batch_008A_page_010.jpg,r03c04,,,
row_0564,kaggle_dr_224x224_2019,Moderate,8dfa629ca74e,images/moderate/row_0564_moderate_8dfa629ca74e.png,dr_pattern_dominant,low_medium,91.7,batch_008A_contact_sheets/batch_008A_page_010.jpg,r04c01,,,
row_0471,kaggle_dr_224x224_2019,Moderate,75a7bc945b7d,images/moderate/row_0471_moderate_75a7bc945b7d.png,dr_pattern_dominant,low_medium,91.6,batch_008A_contact_sheets/batch_008A_page_010.jpg,r04c02,,,
row_0598,kaggle_dr_224x224_2019,Moderate,98104c8c67eb,images/moderate/row_0598_moderate_98104c8c67eb.png,dr_pattern_dominant,low_medium,91.6,batch_008A_contact_sheets/batch_008A_page_010.jpg,r04c03,,,
row_0028,kaggle_dr_224x224_2019,Moderate,07419eddd6be,images/moderate/row_0028_moderate_07419eddd6be.png,dr_pattern_dominant,low_medium,91.5,batch_008A_contact_sheets/batch_008A_page_010.jpg,r04c04,,,
