challenge_id,evidence_id,source_manifest,source_batch,source_row_id,image_path,original_review_bucket,fitting_class_if_any,challenge_category,challenge_reason,baseline_001_prediction,baseline_002_prediction,baseline_003_prediction,review_action,expected_handling,include_for_challenge,notes
challenge_v1_dry_0005,large_dr_b001_dr_000357,baseline_001_002_error_slice_round1_combined_review_support.csv,large_dr_batch_001_moderate_full_review,errslice_0013; errslice_0108,train/19367_left.jpeg,dr_pattern_dominant,dr_pattern_dominant,subtle_dr_missed_as_normal,Round 1 kept the original label and marked the model prediction as wrong for dr_pattern_dominant -> normal_or_non_specific.,normal_or_non_specific,normal_or_non_specific,,keep_label_model_wrong,model_should_match_original_review_bucket,yes_dry_run_only,dedupe_source_rows=2; source_run_names=baseline_001; baseline_002; source_review_row_ids=errslice_0013; errslice_0108; contact_sheets=contact_sheets/errslice_001.jpg; contact_sheets/errslice_007.jpg; duplicate Round 1 instances collapsed by evidence_id + challenge_category
challenge_v1_dry_0024,large_dr_b001_mixed_000423,baseline_001_002_error_slice_round1_combined_review_support.csv,large_dr_batch_001_moderate_full_review,errslice_0084,train/40213_right.jpeg,mixed_hemorrhage_exudate_pattern,mixed_hemorrhage_exudate_pattern,mixed_vs_dr_boundary,Round 1 kept the original label and marked the model prediction as wrong for mixed_hemorrhage_exudate_pattern -> dr_pattern_dominant.,dr_pattern_dominant,dr_pattern_dominant,,keep_label_model_wrong,model_should_match_original_review_bucket,yes_dry_run_only,dedupe_source_rows=1; source_run_names=baseline_001; source_review_row_ids=errslice_0084; contact_sheets=contact_sheets/errslice_006.jpg
challenge_v1_dry_0031,large_dr_b001_mixed_000329,baseline_001_002_error_slice_round1_combined_review_support.csv,large_dr_batch_001_moderate_full_review,errslice_0057,train/31143_left.jpeg,mixed_hemorrhage_exudate_pattern,mixed_hemorrhage_exudate_pattern,mixed_vs_exudate_boundary,Round 1 kept the original label and marked the model prediction as wrong for mixed_hemorrhage_exudate_pattern -> exudate_macular_pattern_dominant.,exudate_macular_pattern_dominant,exudate_macular_pattern_dominant,,keep_label_model_wrong,model_should_match_original_review_bucket,yes_dry_run_only,dedupe_source_rows=1; source_run_names=baseline_001; source_review_row_ids=errslice_0057; contact_sheets=contact_sheets/errslice_004.jpg
challenge_v1_dry_0037,large_dr_b001_dr_000344,baseline_001_002_error_slice_round1_combined_review_support.csv,large_dr_batch_001_moderate_full_review,errslice_0012; errslice_0107,train/19047_right.jpeg,dr_pattern_dominant,dr_pattern_dominant,low_quality_or_low_contrast,Round 1 marked this row as unusable or too low quality; include only as a quality stress case.,normal_or_non_specific,normal_or_non_specific,,unusable_low_quality,quality_stress_case_not_disease_truth,yes_dry_run_only,dedupe_source_rows=2; source_run_names=baseline_001; baseline_002; source_review_row_ids=errslice_0012; errslice_0107; contact_sheets=contact_sheets/errslice_001.jpg; contact_sheets/errslice_007.jpg; proposal_status=proposal_only_exclude_unusable_low_quality; proposed_corrected_bucket=; duplicate Round 1 instances collapsed by evidence_id + challenge_category
challenge_v1_dry_0038,large_dr_b001_exudate_000372,baseline_001_002_error_slice_round1_combined_review_support.csv,large_dr_batch_001_moderate_full_review,errslice_0028; errslice_0121,train/14336_right.jpeg,exudate_macular_pattern_dominant,exudate_macular_pattern_dominant,low_quality_or_low_contrast,Round 1 marked this row as unusable or too low quality; include only as a quality stress case.,mixed_hemorrhage_exudate_pattern,mixed_hemorrhage_exudate_pattern,,unusable_low_quality,quality_stress_case_not_disease_truth,yes_dry_run_only,dedupe_source_rows=2; source_run_names=baseline_001; baseline_002; source_review_row_ids=errslice_0028; errslice_0121; contact_sheets=contact_sheets/errslice_002.jpg; contact_sheets/errslice_008.jpg; proposal_status=proposal_only_exclude_unusable_low_quality; proposed_corrected_bucket=; duplicate Round 1 instances collapsed by evidence_id + challenge_category
challenge_v1_dry_0039,large_dr_b001_exudate_000380,baseline_001_002_error_slice_round1_combined_review_support.csv,large_dr_batch_001_moderate_full_review,errslice_0031; errslice_0124,train/14834_right.jpeg,exudate_macular_pattern_dominant,exudate_macular_pattern_dominant,low_quality_or_low_contrast,Round 1 marked this row as unusable or too low quality; include only as a quality stress case.,mixed_hemorrhage_exudate_pattern,mixed_hemorrhage_exudate_pattern,,unusable_low_quality,quality_stress_case_not_disease_truth,yes_dry_run_only,dedupe_source_rows=2; source_run_names=baseline_001; baseline_002; source_review_row_ids=errslice_0031; errslice_0124; contact_sheets=contact_sheets/errslice_002.jpg; contact_sheets/errslice_008.jpg; proposal_status=proposal_only_exclude_unusable_low_quality; proposed_corrected_bucket=; duplicate Round 1 instances collapsed by evidence_id + challenge_category
challenge_v1_dry_0040,large_dr_b001_mixed_000380,baseline_001_002_error_slice_round1_combined_review_support.csv,large_dr_batch_001_moderate_full_review,errslice_0164,train/35855_left.jpeg,mixed_hemorrhage_exudate_pattern,mixed_hemorrhage_exudate_pattern,low_quality_or_low_contrast,Round 1 marked this row as unusable or too low quality; include only as a quality stress case.,exudate_macular_pattern_dominant,exudate_macular_pattern_dominant,,unusable_low_quality,quality_stress_case_not_disease_truth,yes_dry_run_only,dedupe_source_rows=1; source_run_names=baseline_002; source_review_row_ids=errslice_0164; contact_sheets=contact_sheets/errslice_011.jpg; proposal_status=proposal_only_exclude_unusable_low_quality; proposed_corrected_bucket=
challenge_v1_dry_0041,large_dr_b001_mixed_000415,baseline_001_002_error_slice_round1_combined_review_support.csv,large_dr_batch_001_moderate_full_review,errslice_0173,train/39365_right.jpeg,mixed_hemorrhage_exudate_pattern,mixed_hemorrhage_exudate_pattern,low_quality_or_low_contrast,Round 1 marked this row as unusable or too low quality; include only as a quality stress case.,exudate_macular_pattern_dominant,exudate_macular_pattern_dominant,,unusable_low_quality,quality_stress_case_not_disease_truth,yes_dry_run_only,dedupe_source_rows=1; source_run_names=baseline_002; source_review_row_ids=errslice_0173; contact_sheets=contact_sheets/errslice_011.jpg; proposal_status=proposal_only_exclude_unusable_low_quality; proposed_corrected_bucket=
challenge_v1_dry_0042,large_dr_b001_mixed_000423,baseline_001_002_error_slice_round1_combined_review_support.csv,large_dr_batch_001_moderate_full_review,errslice_0177,train/40213_right.jpeg,mixed_hemorrhage_exudate_pattern,mixed_hemorrhage_exudate_pattern,low_quality_or_low_contrast,Round 1 marked this row as unusable or too low quality; include only as a quality stress case.,dr_pattern_dominant,dr_pattern_dominant,,unusable_low_quality,quality_stress_case_not_disease_truth,yes_dry_run_only,dedupe_source_rows=1; source_run_names=baseline_002; source_review_row_ids=errslice_0177; contact_sheets=contact_sheets/errslice_012.jpg; proposal_status=proposal_only_exclude_unusable_low_quality; proposed_corrected_bucket=
challenge_v1_dry_0043,large_dr_b001_mixed_000400,baseline_001_002_error_slice_round1_combined_review_support.csv,large_dr_batch_001_moderate_full_review,errslice_0078,train/37612_right.jpeg,mixed_hemorrhage_exudate_pattern,mixed_hemorrhage_exudate_pattern,model_disagreement,Round 1 left this row unassigned; include only as a review-hold challenge candidate.,exudate_macular_pattern_dominant,exudate_macular_pattern_dominant,,unassigned,review_hold_before_canonical_use,yes_dry_run_only,dedupe_source_rows=1; source_run_names=baseline_001; source_review_row_ids=errslice_0078; contact_sheets=contact_sheets/errslice_005.jpg; proposal_status=review_hold_unassigned_no_proposed_action; proposed_corrected_bucket=
challenge_v1_dry_0044,large_dr_b001_dr_000252,baseline_001_002_error_slice_round1_combined_review_support.csv,large_dr_batch_001_moderate_full_review,errslice_0002; errslice_0103,train/13668_left.jpeg,dr_pattern_dominant,dr_pattern_dominant,needs_second_review_boundary,Round 1 marked this dr_pattern_dominant -> normal_or_non_specific case as ambiguous and needing second review.,normal_or_non_specific,normal_or_non_specific,,downgrade_needs_second_review,flag_for_second_review_not_training,yes_dry_run_only,dedupe_source_rows=2; source_run_names=baseline_001; baseline_002; source_review_row_ids=errslice_0002; errslice_0103; contact_sheets=contact_sheets/errslice_001.jpg; contact_sheets/errslice_007.jpg; proposal_status=proposal_only_review_hold_needs_second_review; proposed_corrected_bucket=; duplicate Round 1 instances collapsed by evidence_id + challenge_category
challenge_v1_dry_0045,large_dr_b001_dr_000253,baseline_001_002_error_slice_round1_combined_review_support.csv,large_dr_batch_001_moderate_full_review,errslice_0003,train/13820_right.jpeg,dr_pattern_dominant,dr_pattern_dominant,needs_second_review_boundary,Round 1 marked this dr_pattern_dominant -> normal_or_non_specific case as ambiguous and needing second review.,normal_or_non_specific,,,downgrade_needs_second_review,flag_for_second_review_not_training,yes_dry_run_only,dedupe_source_rows=1; source_run_names=baseline_001; source_review_row_ids=errslice_0003; contact_sheets=contact_sheets/errslice_001.jpg; proposal_status=proposal_only_review_hold_needs_second_review; proposed_corrected_bucket=
challenge_v1_dry_0046,large_dr_b001_dr_000279,baseline_001_002_error_slice_round1_combined_review_support.csv,large_dr_batch_001_moderate_full_review,errslice_0004,train/15351_right.jpeg,dr_pattern_dominant,dr_pattern_dominant,needs_second_review_boundary,Round 1 marked this dr_pattern_dominant -> normal_or_non_specific case as ambiguous and needing second review.,normal_or_non_specific,,,downgrade_needs_second_review,flag_for_second_review_not_training,yes_dry_run_only,dedupe_source_rows=1; source_run_names=baseline_001; source_review_row_ids=errslice_0004; contact_sheets=contact_sheets/errslice_001.jpg; proposal_status=proposal_only_review_hold_needs_second_review; proposed_corrected_bucket=
challenge_v1_dry_0047,large_dr_b001_dr_000284,baseline_001_002_error_slice_round1_combined_review_support.csv,large_dr_batch_001_moderate_full_review,errslice_0005,train/15493_left.jpeg,dr_pattern_dominant,dr_pattern_dominant,needs_second_review_boundary,Round 1 marked this dr_pattern_dominant -> normal_or_non_specific case as ambiguous and needing second review.,normal_or_non_specific,,,downgrade_needs_second_review,flag_for_second_review_not_training,yes_dry_run_only,dedupe_source_rows=1; source_run_names=baseline_001; source_review_row_ids=errslice_0005; contact_sheets=contact_sheets/errslice_001.jpg; proposal_status=proposal_only_review_hold_needs_second_review; proposed_corrected_bucket=
challenge_v1_dry_0048,large_dr_b001_dr_000312,baseline_001_002_error_slice_round1_combined_review_support.csv,large_dr_batch_001_moderate_full_review,errslice_0008,train/16757_left.jpeg,dr_pattern_dominant,dr_pattern_dominant,needs_second_review_boundary,Round 1 marked this dr_pattern_dominant -> normal_or_non_specific case as ambiguous and needing second review.,normal_or_non_specific,,,downgrade_needs_second_review,flag_for_second_review_not_training,yes_dry_run_only,dedupe_source_rows=1; source_run_names=baseline_001; source_review_row_ids=errslice_0008; contact_sheets=contact_sheets/errslice_001.jpg; proposal_status=proposal_only_review_hold_needs_second_review; proposed_corrected_bucket=
challenge_v1_dry_0049,large_dr_b001_dr_000341,baseline_001_002_error_slice_round1_combined_review_support.csv,large_dr_batch_001_moderate_full_review,errslice_0010; errslice_0105,train/18759_right.jpeg,dr_pattern_dominant,dr_pattern_dominant,needs_second_review_boundary,Round 1 marked this dr_pattern_dominant -> normal_or_non_specific case as ambiguous and needing second review.,normal_or_non_specific,normal_or_non_specific,,downgrade_needs_second_review,flag_for_second_review_not_training,yes_dry_run_only,dedupe_source_rows=2; source_run_names=baseline_001; baseline_002; source_review_row_ids=errslice_0010; errslice_0105; contact_sheets=contact_sheets/errslice_001.jpg; contact_sheets/errslice_007.jpg; proposal_status=proposal_only_review_hold_needs_second_review; proposed_corrected_bucket=; duplicate Round 1 instances collapsed by evidence_id + challenge_category
challenge_v1_dry_0050,large_dr_b001_dr_000342,baseline_001_002_error_slice_round1_combined_review_support.csv,large_dr_batch_001_moderate_full_review,errslice_0011; errslice_0106,train/18864_right.jpeg,dr_pattern_dominant,dr_pattern_dominant,needs_second_review_boundary,Round 1 marked this dr_pattern_dominant -> normal_or_non_specific case as ambiguous and needing second review.,normal_or_non_specific,normal_or_non_specific,,downgrade_needs_second_review,flag_for_second_review_not_training,yes_dry_run_only,dedupe_source_rows=2; source_run_names=baseline_001; baseline_002; source_review_row_ids=errslice_0011; errslice_0106; contact_sheets=contact_sheets/errslice_001.jpg; contact_sheets/errslice_007.jpg; proposal_status=proposal_only_review_hold_needs_second_review; proposed_corrected_bucket=; duplicate Round 1 instances collapsed by evidence_id + challenge_category
challenge_v1_dry_0051,large_dr_b001_exudate_000336,baseline_001_002_error_slice_round1_combined_review_support.csv,large_dr_batch_001_moderate_full_review,errslice_0017; errslice_0111,train/12590_right.jpeg,exudate_macular_pattern_dominant,exudate_macular_pattern_dominant,needs_second_review_boundary,Round 1 marked this exudate_macular_pattern_dominant -> mixed_hemorrhage_exudate_pattern case as ambiguous and needing second review.,mixed_hemorrhage_exudate_pattern,mixed_hemorrhage_exudate_pattern,,downgrade_needs_second_review,flag_for_second_review_not_training,yes_dry_run_only,dedupe_source_rows=2; source_run_names=baseline_001; baseline_002; source_review_row_ids=errslice_0017; errslice_0111; contact_sheets=contact_sheets/errslice_002.jpg; contact_sheets/errslice_007.jpg; proposal_status=proposal_only_review_hold_needs_second_review; proposed_corrected_bucket=; duplicate Round 1 instances collapsed by evidence_id + challenge_category
challenge_v1_dry_0052,large_dr_b001_exudate_000337,baseline_001_002_error_slice_round1_combined_review_support.csv,large_dr_batch_001_moderate_full_review,errslice_0018; errslice_0112,train/12628_left.jpeg,exudate_macular_pattern_dominant,exudate_macular_pattern_dominant,needs_second_review_boundary,Round 1 marked this exudate_macular_pattern_dominant -> mixed_hemorrhage_exudate_pattern case as ambiguous and needing second review.,mixed_hemorrhage_exudate_pattern,mixed_hemorrhage_exudate_pattern,,downgrade_needs_second_review,flag_for_second_review_not_training,yes_dry_run_only,dedupe_source_rows=2; source_run_names=baseline_001; baseline_002; source_review_row_ids=errslice_0018; errslice_0112; contact_sheets=contact_sheets/errslice_002.jpg; contact_sheets/errslice_007.jpg; proposal_status=proposal_only_review_hold_needs_second_review; proposed_corrected_bucket=; duplicate Round 1 instances collapsed by evidence_id + challenge_category
challenge_v1_dry_0053,large_dr_b001_exudate_000338,baseline_001_002_error_slice_round1_combined_review_support.csv,large_dr_batch_001_moderate_full_review,errslice_0019; errslice_0113,train/12672_left.jpeg,exudate_macular_pattern_dominant,exudate_macular_pattern_dominant,needs_second_review_boundary,Round 1 marked this exudate_macular_pattern_dominant -> mixed_hemorrhage_exudate_pattern case as ambiguous and needing second review.,mixed_hemorrhage_exudate_pattern,mixed_hemorrhage_exudate_pattern,,downgrade_needs_second_review,flag_for_second_review_not_training,yes_dry_run_only,dedupe_source_rows=2; source_run_names=baseline_001; baseline_002; source_review_row_ids=errslice_0019; errslice_0113; contact_sheets=contact_sheets/errslice_002.jpg; contact_sheets/errslice_008.jpg; proposal_status=proposal_only_review_hold_needs_second_review; proposed_corrected_bucket=; duplicate Round 1 instances collapsed by evidence_id + challenge_category
challenge_v1_dry_0054,large_dr_b001_exudate_000339,baseline_001_002_error_slice_round1_combined_review_support.csv,large_dr_batch_001_moderate_full_review,errslice_0020; errslice_0114,train/12672_right.jpeg,exudate_macular_pattern_dominant,exudate_macular_pattern_dominant,needs_second_review_boundary,Round 1 marked this exudate_macular_pattern_dominant -> mixed_hemorrhage_exudate_pattern case as ambiguous and needing second review.,mixed_hemorrhage_exudate_pattern,mixed_hemorrhage_exudate_pattern,,downgrade_needs_second_review,flag_for_second_review_not_training,yes_dry_run_only,dedupe_source_rows=2; source_run_names=baseline_001; baseline_002; source_review_row_ids=errslice_0020; errslice_0114; contact_sheets=contact_sheets/errslice_002.jpg; contact_sheets/errslice_008.jpg; proposal_status=proposal_only_review_hold_needs_second_review; proposed_corrected_bucket=; duplicate Round 1 instances collapsed by evidence_id + challenge_category
challenge_v1_dry_0055,large_dr_b001_exudate_000343,baseline_001_002_error_slice_round1_combined_review_support.csv,large_dr_batch_001_moderate_full_review,errslice_0021; errslice_0115,train/12835_left.jpeg,exudate_macular_pattern_dominant,exudate_macular_pattern_dominant,needs_second_review_boundary,Round 1 marked this exudate_macular_pattern_dominant -> mixed_hemorrhage_exudate_pattern case as ambiguous and needing second review.,mixed_hemorrhage_exudate_pattern,mixed_hemorrhage_exudate_pattern,,downgrade_needs_second_review,flag_for_second_review_not_training,yes_dry_run_only,dedupe_source_rows=2; source_run_names=baseline_001; baseline_002; source_review_row_ids=errslice_0021; errslice_0115; contact_sheets=contact_sheets/errslice_002.jpg; contact_sheets/errslice_008.jpg; proposal_status=proposal_only_review_hold_needs_second_review; proposed_corrected_bucket=; duplicate Round 1 instances collapsed by evidence_id + challenge_category
challenge_v1_dry_0056,large_dr_b001_exudate_000355,baseline_001_002_error_slice_round1_combined_review_support.csv,large_dr_batch_001_moderate_full_review,errslice_0023; errslice_0117,train/13308_left.jpeg,exudate_macular_pattern_dominant,exudate_macular_pattern_dominant,needs_second_review_boundary,Round 1 marked this exudate_macular_pattern_dominant -> mixed_hemorrhage_exudate_pattern case as ambiguous and needing second review.,mixed_hemorrhage_exudate_pattern,mixed_hemorrhage_exudate_pattern,,downgrade_needs_second_review,flag_for_second_review_not_training,yes_dry_run_only,dedupe_source_rows=2; source_run_names=baseline_001; baseline_002; source_review_row_ids=errslice_0023; errslice_0117; contact_sheets=contact_sheets/errslice_002.jpg; contact_sheets/errslice_008.jpg; proposal_status=proposal_only_review_hold_needs_second_review; proposed_corrected_bucket=; duplicate Round 1 instances collapsed by evidence_id + challenge_category
challenge_v1_dry_0057,large_dr_b001_exudate_000361,baseline_001_002_error_slice_round1_combined_review_support.csv,large_dr_batch_001_moderate_full_review,errslice_0025; errslice_0119,train/13684_left.jpeg,exudate_macular_pattern_dominant,exudate_macular_pattern_dominant,needs_second_review_boundary,Round 1 marked this exudate_macular_pattern_dominant -> mixed_hemorrhage_exudate_pattern case as ambiguous and needing second review.,mixed_hemorrhage_exudate_pattern,mixed_hemorrhage_exudate_pattern,,downgrade_needs_second_review,flag_for_second_review_not_training,yes_dry_run_only,dedupe_source_rows=2; source_run_names=baseline_001; baseline_002; source_review_row_ids=errslice_0025; errslice_0119; contact_sheets=contact_sheets/errslice_002.jpg; contact_sheets/errslice_008.jpg; proposal_status=proposal_only_review_hold_needs_second_review; proposed_corrected_bucket=; duplicate Round 1 instances collapsed by evidence_id + challenge_category
challenge_v1_dry_0058,large_dr_b001_exudate_000364,baseline_001_002_error_slice_round1_combined_review_support.csv,large_dr_batch_001_moderate_full_review,errslice_0026,train/13931_left.jpeg,exudate_macular_pattern_dominant,exudate_macular_pattern_dominant,needs_second_review_boundary,Round 1 marked this exudate_macular_pattern_dominant -> mixed_hemorrhage_exudate_pattern case as ambiguous and needing second review.,mixed_hemorrhage_exudate_pattern,,,downgrade_needs_second_review,flag_for_second_review_not_training,yes_dry_run_only,dedupe_source_rows=1; source_run_names=baseline_001; source_review_row_ids=errslice_0026; contact_sheets=contact_sheets/errslice_002.jpg; proposal_status=proposal_only_review_hold_needs_second_review; proposed_corrected_bucket=
challenge_v1_dry_0059,large_dr_b001_exudate_000365,baseline_001_002_error_slice_round1_combined_review_support.csv,large_dr_batch_001_moderate_full_review,errslice_0027; errslice_0120,train/13931_right.jpeg,exudate_macular_pattern_dominant,exudate_macular_pattern_dominant,needs_second_review_boundary,Round 1 marked this exudate_macular_pattern_dominant -> mixed_hemorrhage_exudate_pattern case as ambiguous and needing second review.,mixed_hemorrhage_exudate_pattern,mixed_hemorrhage_exudate_pattern,,downgrade_needs_second_review,flag_for_second_review_not_training,yes_dry_run_only,dedupe_source_rows=2; source_run_names=baseline_001; baseline_002; source_review_row_ids=errslice_0027; errslice_0120; contact_sheets=contact_sheets/errslice_002.jpg; contact_sheets/errslice_008.jpg; proposal_status=proposal_only_review_hold_needs_second_review; proposed_corrected_bucket=; duplicate Round 1 instances collapsed by evidence_id + challenge_category
challenge_v1_dry_0060,large_dr_b001_exudate_000375,baseline_001_002_error_slice_round1_combined_review_support.csv,large_dr_batch_001_moderate_full_review,errslice_0029; errslice_0122,train/14466_left.jpeg,exudate_macular_pattern_dominant,exudate_macular_pattern_dominant,needs_second_review_boundary,Round 1 marked this exudate_macular_pattern_dominant -> mixed_hemorrhage_exudate_pattern case as ambiguous and needing second review.,mixed_hemorrhage_exudate_pattern,mixed_hemorrhage_exudate_pattern,,downgrade_needs_second_review,flag_for_second_review_not_training,yes_dry_run_only,dedupe_source_rows=2; source_run_names=baseline_001; baseline_002; source_review_row_ids=errslice_0029; errslice_0122; contact_sheets=contact_sheets/errslice_002.jpg; contact_sheets/errslice_008.jpg; proposal_status=proposal_only_review_hold_needs_second_review; proposed_corrected_bucket=; duplicate Round 1 instances collapsed by evidence_id + challenge_category
challenge_v1_dry_0061,large_dr_b001_exudate_000379,baseline_001_002_error_slice_round1_combined_review_support.csv,large_dr_batch_001_moderate_full_review,errslice_0030; errslice_0123,train/14811_right.jpeg,exudate_macular_pattern_dominant,exudate_macular_pattern_dominant,needs_second_review_boundary,Round 1 marked this exudate_macular_pattern_dominant -> mixed_hemorrhage_exudate_pattern case as ambiguous and needing second review.,mixed_hemorrhage_exudate_pattern,mixed_hemorrhage_exudate_pattern,,downgrade_needs_second_review,flag_for_second_review_not_training,yes_dry_run_only,dedupe_source_rows=2; source_run_names=baseline_001; baseline_002; source_review_row_ids=errslice_0030; errslice_0123; contact_sheets=contact_sheets/errslice_002.jpg; contact_sheets/errslice_008.jpg; proposal_status=proposal_only_review_hold_needs_second_review; proposed_corrected_bucket=; duplicate Round 1 instances collapsed by evidence_id + challenge_category
challenge_v1_dry_0062,large_dr_b001_exudate_000384,baseline_001_002_error_slice_round1_combined_review_support.csv,large_dr_batch_001_moderate_full_review,errslice_0033; errslice_0126,train/15034_left.jpeg,exudate_macular_pattern_dominant,exudate_macular_pattern_dominant,needs_second_review_boundary,Round 1 marked this exudate_macular_pattern_dominant -> mixed_hemorrhage_exudate_pattern case as ambiguous and needing second review.,mixed_hemorrhage_exudate_pattern,mixed_hemorrhage_exudate_pattern,,downgrade_needs_second_review,flag_for_second_review_not_training,yes_dry_run_only,dedupe_source_rows=2; source_run_names=baseline_001; baseline_002; source_review_row_ids=errslice_0033; errslice_0126; contact_sheets=contact_sheets/errslice_003.jpg; contact_sheets/errslice_008.jpg; proposal_status=proposal_only_review_hold_needs_second_review; proposed_corrected_bucket=; duplicate Round 1 instances collapsed by evidence_id + challenge_category
challenge_v1_dry_0063,large_dr_b001_exudate_000393,baseline_001_002_error_slice_round1_combined_review_support.csv,large_dr_batch_001_moderate_full_review,errslice_0034,train/15276_left.jpeg,exudate_macular_pattern_dominant,exudate_macular_pattern_dominant,needs_second_review_boundary,Round 1 marked this exudate_macular_pattern_dominant -> mixed_hemorrhage_exudate_pattern case as ambiguous and needing second review.,mixed_hemorrhage_exudate_pattern,,,downgrade_needs_second_review,flag_for_second_review_not_training,yes_dry_run_only,dedupe_source_rows=1; source_run_names=baseline_001; source_review_row_ids=errslice_0034; contact_sheets=contact_sheets/errslice_003.jpg; proposal_status=proposal_only_review_hold_needs_second_review; proposed_corrected_bucket=
challenge_v1_dry_0064,large_dr_b001_exudate_000394,baseline_001_002_error_slice_round1_combined_review_support.csv,large_dr_batch_001_moderate_full_review,errslice_0035; errslice_0127,train/15276_right.jpeg,exudate_macular_pattern_dominant,exudate_macular_pattern_dominant,needs_second_review_boundary,Round 1 marked this exudate_macular_pattern_dominant -> mixed_hemorrhage_exudate_pattern case as ambiguous and needing second review.,mixed_hemorrhage_exudate_pattern,mixed_hemorrhage_exudate_pattern,,downgrade_needs_second_review,flag_for_second_review_not_training,yes_dry_run_only,dedupe_source_rows=2; source_run_names=baseline_001; baseline_002; source_review_row_ids=errslice_0035; errslice_0127; contact_sheets=contact_sheets/errslice_003.jpg; contact_sheets/errslice_008.jpg; proposal_status=proposal_only_review_hold_needs_second_review; proposed_corrected_bucket=; duplicate Round 1 instances collapsed by evidence_id + challenge_category
challenge_v1_dry_0065,large_dr_b001_exudate_000402,baseline_001_002_error_slice_round1_combined_review_support.csv,large_dr_batch_001_moderate_full_review,errslice_0037; errslice_0129,train/15711_right.jpeg,exudate_macular_pattern_dominant,exudate_macular_pattern_dominant,needs_second_review_boundary,Round 1 marked this exudate_macular_pattern_dominant -> mixed_hemorrhage_exudate_pattern case as ambiguous and needing second review.,mixed_hemorrhage_exudate_pattern,mixed_hemorrhage_exudate_pattern,,downgrade_needs_second_review,flag_for_second_review_not_training,yes_dry_run_only,dedupe_source_rows=2; source_run_names=baseline_001; baseline_002; source_review_row_ids=errslice_0037; errslice_0129; contact_sheets=contact_sheets/errslice_003.jpg; contact_sheets/errslice_009.jpg; proposal_status=proposal_only_review_hold_needs_second_review; proposed_corrected_bucket=; duplicate Round 1 instances collapsed by evidence_id + challenge_category
challenge_v1_dry_0066,large_dr_b001_exudate_000404,baseline_001_002_error_slice_round1_combined_review_support.csv,large_dr_batch_001_moderate_full_review,errslice_0038; errslice_0130,train/15914_left.jpeg,exudate_macular_pattern_dominant,exudate_macular_pattern_dominant,needs_second_review_boundary,Round 1 marked this exudate_macular_pattern_dominant -> mixed_hemorrhage_exudate_pattern case as ambiguous and needing second review.,mixed_hemorrhage_exudate_pattern,mixed_hemorrhage_exudate_pattern,,downgrade_needs_second_review,flag_for_second_review_not_training,yes_dry_run_only,dedupe_source_rows=2; source_run_names=baseline_001; baseline_002; source_review_row_ids=errslice_0038; errslice_0130; contact_sheets=contact_sheets/errslice_003.jpg; contact_sheets/errslice_009.jpg; proposal_status=proposal_only_review_hold_needs_second_review; proposed_corrected_bucket=; duplicate Round 1 instances collapsed by evidence_id + challenge_category
challenge_v1_dry_0067,large_dr_b001_exudate_000414,baseline_001_002_error_slice_round1_combined_review_support.csv,large_dr_batch_001_moderate_full_review,errslice_0039,train/16294_left.jpeg,exudate_macular_pattern_dominant,exudate_macular_pattern_dominant,needs_second_review_boundary,Round 1 marked this exudate_macular_pattern_dominant -> mixed_hemorrhage_exudate_pattern case as ambiguous and needing second review.,mixed_hemorrhage_exudate_pattern,,,downgrade_needs_second_review,flag_for_second_review_not_training,yes_dry_run_only,dedupe_source_rows=1; source_run_names=baseline_001; source_review_row_ids=errslice_0039; contact_sheets=contact_sheets/errslice_003.jpg; proposal_status=proposal_only_review_hold_needs_second_review; proposed_corrected_bucket=
challenge_v1_dry_0068,large_dr_b001_exudate_000416,baseline_001_002_error_slice_round1_combined_review_support.csv,large_dr_batch_001_moderate_full_review,errslice_0040; errslice_0131,train/16429_right.jpeg,exudate_macular_pattern_dominant,exudate_macular_pattern_dominant,needs_second_review_boundary,Round 1 marked this exudate_macular_pattern_dominant -> mixed_hemorrhage_exudate_pattern case as ambiguous and needing second review.,mixed_hemorrhage_exudate_pattern,mixed_hemorrhage_exudate_pattern,,downgrade_needs_second_review,flag_for_second_review_not_training,yes_dry_run_only,dedupe_source_rows=2; source_run_names=baseline_001; baseline_002; source_review_row_ids=errslice_0040; errslice_0131; contact_sheets=contact_sheets/errslice_003.jpg; contact_sheets/errslice_009.jpg; proposal_status=proposal_only_review_hold_needs_second_review; proposed_corrected_bucket=; duplicate Round 1 instances collapsed by evidence_id + challenge_category
challenge_v1_dry_0069,large_dr_b001_exudate_000428,baseline_001_002_error_slice_round1_combined_review_support.csv,large_dr_batch_001_moderate_full_review,errslice_0044; errslice_0134,train/17222_right.jpeg,exudate_macular_pattern_dominant,exudate_macular_pattern_dominant,needs_second_review_boundary,Round 1 marked this exudate_macular_pattern_dominant -> mixed_hemorrhage_exudate_pattern case as ambiguous and needing second review.,mixed_hemorrhage_exudate_pattern,mixed_hemorrhage_exudate_pattern,,downgrade_needs_second_review,flag_for_second_review_not_training,yes_dry_run_only,dedupe_source_rows=2; source_run_names=baseline_001; baseline_002; source_review_row_ids=errslice_0044; errslice_0134; contact_sheets=contact_sheets/errslice_003.jpg; contact_sheets/errslice_009.jpg; proposal_status=proposal_only_review_hold_needs_second_review; proposed_corrected_bucket=; duplicate Round 1 instances collapsed by evidence_id + challenge_category
challenge_v1_dry_0070,large_dr_b001_exudate_000430,baseline_001_002_error_slice_round1_combined_review_support.csv,large_dr_batch_001_moderate_full_review,errslice_0045; errslice_0135,train/17331_left.jpeg,exudate_macular_pattern_dominant,exudate_macular_pattern_dominant,needs_second_review_boundary,Round 1 marked this exudate_macular_pattern_dominant -> mixed_hemorrhage_exudate_pattern case as ambiguous and needing second review.,mixed_hemorrhage_exudate_pattern,mixed_hemorrhage_exudate_pattern,,downgrade_needs_second_review,flag_for_second_review_not_training,yes_dry_run_only,dedupe_source_rows=2; source_run_names=baseline_001; baseline_002; source_review_row_ids=errslice_0045; errslice_0135; contact_sheets=contact_sheets/errslice_003.jpg; contact_sheets/errslice_009.jpg; proposal_status=proposal_only_review_hold_needs_second_review; proposed_corrected_bucket=; duplicate Round 1 instances collapsed by evidence_id + challenge_category
challenge_v1_dry_0071,large_dr_b001_exudate_000431,baseline_001_002_error_slice_round1_combined_review_support.csv,large_dr_batch_001_moderate_full_review,errslice_0046; errslice_0136,train/17332_left.jpeg,exudate_macular_pattern_dominant,exudate_macular_pattern_dominant,needs_second_review_boundary,Round 1 marked this exudate_macular_pattern_dominant -> mixed_hemorrhage_exudate_pattern case as ambiguous and needing second review.,mixed_hemorrhage_exudate_pattern,mixed_hemorrhage_exudate_pattern,,downgrade_needs_second_review,flag_for_second_review_not_training,yes_dry_run_only,dedupe_source_rows=2; source_run_names=baseline_001; baseline_002; source_review_row_ids=errslice_0046; errslice_0136; contact_sheets=contact_sheets/errslice_003.jpg; contact_sheets/errslice_009.jpg; proposal_status=proposal_only_review_hold_needs_second_review; proposed_corrected_bucket=; duplicate Round 1 instances collapsed by evidence_id + challenge_category
challenge_v1_dry_0072,large_dr_b001_exudate_000442,baseline_001_002_error_slice_round1_combined_review_support.csv,large_dr_batch_001_moderate_full_review,errslice_0047; errslice_0137,train/17694_left.jpeg,exudate_macular_pattern_dominant,exudate_macular_pattern_dominant,needs_second_review_boundary,Round 1 marked this exudate_macular_pattern_dominant -> mixed_hemorrhage_exudate_pattern case as ambiguous and needing second review.,mixed_hemorrhage_exudate_pattern,mixed_hemorrhage_exudate_pattern,,downgrade_needs_second_review,flag_for_second_review_not_training,yes_dry_run_only,dedupe_source_rows=2; source_run_names=baseline_001; baseline_002; source_review_row_ids=errslice_0047; errslice_0137; contact_sheets=contact_sheets/errslice_003.jpg; contact_sheets/errslice_009.jpg; proposal_status=proposal_only_review_hold_needs_second_review; proposed_corrected_bucket=; duplicate Round 1 instances collapsed by evidence_id + challenge_category
challenge_v1_dry_0073,large_dr_b001_exudate_000452,baseline_001_002_error_slice_round1_combined_review_support.csv,large_dr_batch_001_moderate_full_review,errslice_0050; errslice_0140,train/18233_left.jpeg,exudate_macular_pattern_dominant,exudate_macular_pattern_dominant,needs_second_review_boundary,Round 1 marked this exudate_macular_pattern_dominant -> mixed_hemorrhage_exudate_pattern case as ambiguous and needing second review.,mixed_hemorrhage_exudate_pattern,mixed_hemorrhage_exudate_pattern,,downgrade_needs_second_review,flag_for_second_review_not_training,yes_dry_run_only,dedupe_source_rows=2; source_run_names=baseline_001; baseline_002; source_review_row_ids=errslice_0050; errslice_0140; contact_sheets=contact_sheets/errslice_004.jpg; contact_sheets/errslice_009.jpg; proposal_status=proposal_only_review_hold_needs_second_review; proposed_corrected_bucket=; duplicate Round 1 instances collapsed by evidence_id + challenge_category
challenge_v1_dry_0074,large_dr_b001_exudate_000453,baseline_001_002_error_slice_round1_combined_review_support.csv,large_dr_batch_001_moderate_full_review,errslice_0141,train/18255_left.jpeg,exudate_macular_pattern_dominant,exudate_macular_pattern_dominant,needs_second_review_boundary,Round 1 marked this exudate_macular_pattern_dominant -> mixed_hemorrhage_exudate_pattern case as ambiguous and needing second review.,,mixed_hemorrhage_exudate_pattern,,downgrade_needs_second_review,flag_for_second_review_not_training,yes_dry_run_only,dedupe_source_rows=1; source_run_names=baseline_002; source_review_row_ids=errslice_0141; contact_sheets=contact_sheets/errslice_009.jpg; proposal_status=proposal_only_review_hold_needs_second_review; proposed_corrected_bucket=
challenge_v1_dry_0075,large_dr_b001_exudate_000454,baseline_001_002_error_slice_round1_combined_review_support.csv,large_dr_batch_001_moderate_full_review,errslice_0051; errslice_0142,train/18325_left.jpeg,exudate_macular_pattern_dominant,exudate_macular_pattern_dominant,needs_second_review_boundary,Round 1 marked this exudate_macular_pattern_dominant -> mixed_hemorrhage_exudate_pattern case as ambiguous and needing second review.,mixed_hemorrhage_exudate_pattern,mixed_hemorrhage_exudate_pattern,,downgrade_needs_second_review,flag_for_second_review_not_training,yes_dry_run_only,dedupe_source_rows=2; source_run_names=baseline_001; baseline_002; source_review_row_ids=errslice_0051; errslice_0142; contact_sheets=contact_sheets/errslice_004.jpg; contact_sheets/errslice_009.jpg; proposal_status=proposal_only_review_hold_needs_second_review; proposed_corrected_bucket=; duplicate Round 1 instances collapsed by evidence_id + challenge_category
challenge_v1_dry_0076,large_dr_b001_exudate_000455,baseline_001_002_error_slice_round1_combined_review_support.csv,large_dr_batch_001_moderate_full_review,errslice_0052; errslice_0143,train/18372_left.jpeg,exudate_macular_pattern_dominant,exudate_macular_pattern_dominant,needs_second_review_boundary,Round 1 marked this exudate_macular_pattern_dominant -> mixed_hemorrhage_exudate_pattern case as ambiguous and needing second review.,mixed_hemorrhage_exudate_pattern,mixed_hemorrhage_exudate_pattern,,downgrade_needs_second_review,flag_for_second_review_not_training,yes_dry_run_only,dedupe_source_rows=2; source_run_names=baseline_001; baseline_002; source_review_row_ids=errslice_0052; errslice_0143; contact_sheets=contact_sheets/errslice_004.jpg; contact_sheets/errslice_009.jpg; proposal_status=proposal_only_review_hold_needs_second_review; proposed_corrected_bucket=; duplicate Round 1 instances collapsed by evidence_id + challenge_category
challenge_v1_dry_0077,large_dr_b001_exudate_000456,baseline_001_002_error_slice_round1_combined_review_support.csv,large_dr_batch_001_moderate_full_review,errslice_0053; errslice_0144,train/18416_left.jpeg,exudate_macular_pattern_dominant,exudate_macular_pattern_dominant,needs_second_review_boundary,Round 1 marked this exudate_macular_pattern_dominant -> mixed_hemorrhage_exudate_pattern case as ambiguous and needing second review.,mixed_hemorrhage_exudate_pattern,mixed_hemorrhage_exudate_pattern,,downgrade_needs_second_review,flag_for_second_review_not_training,yes_dry_run_only,dedupe_source_rows=2; source_run_names=baseline_001; baseline_002; source_review_row_ids=errslice_0053; errslice_0144; contact_sheets=contact_sheets/errslice_004.jpg; contact_sheets/errslice_009.jpg; proposal_status=proposal_only_review_hold_needs_second_review; proposed_corrected_bucket=; duplicate Round 1 instances collapsed by evidence_id + challenge_category
challenge_v1_dry_0078,large_dr_b001_exudate_000462,baseline_001_002_error_slice_round1_combined_review_support.csv,large_dr_batch_001_moderate_full_review,errslice_0054; errslice_0145,train/18495_left.jpeg,exudate_macular_pattern_dominant,exudate_macular_pattern_dominant,needs_second_review_boundary,Round 1 marked this exudate_macular_pattern_dominant -> mixed_hemorrhage_exudate_pattern case as ambiguous and needing second review.,mixed_hemorrhage_exudate_pattern,mixed_hemorrhage_exudate_pattern,,downgrade_needs_second_review,flag_for_second_review_not_training,yes_dry_run_only,dedupe_source_rows=2; source_run_names=baseline_001; baseline_002; source_review_row_ids=errslice_0054; errslice_0145; contact_sheets=contact_sheets/errslice_004.jpg; contact_sheets/errslice_010.jpg; proposal_status=proposal_only_review_hold_needs_second_review; proposed_corrected_bucket=; duplicate Round 1 instances collapsed by evidence_id + challenge_category
challenge_v1_dry_0079,large_dr_b001_exudate_000464,baseline_001_002_error_slice_round1_combined_review_support.csv,large_dr_batch_001_moderate_full_review,errslice_0055; errslice_0146,train/18570_left.jpeg,exudate_macular_pattern_dominant,exudate_macular_pattern_dominant,needs_second_review_boundary,Round 1 marked this exudate_macular_pattern_dominant -> mixed_hemorrhage_exudate_pattern case as ambiguous and needing second review.,mixed_hemorrhage_exudate_pattern,mixed_hemorrhage_exudate_pattern,,downgrade_needs_second_review,flag_for_second_review_not_training,yes_dry_run_only,dedupe_source_rows=2; source_run_names=baseline_001; baseline_002; source_review_row_ids=errslice_0055; errslice_0146; contact_sheets=contact_sheets/errslice_004.jpg; contact_sheets/errslice_010.jpg; proposal_status=proposal_only_review_hold_needs_second_review; proposed_corrected_bucket=; duplicate Round 1 instances collapsed by evidence_id + challenge_category
challenge_v1_dry_0080,large_dr_b001_mixed_000329,baseline_001_002_error_slice_round1_combined_review_support.csv,large_dr_batch_001_moderate_full_review,errslice_0148,train/31143_left.jpeg,mixed_hemorrhage_exudate_pattern,mixed_hemorrhage_exudate_pattern,needs_second_review_boundary,Round 1 marked this mixed_hemorrhage_exudate_pattern -> exudate_macular_pattern_dominant case as ambiguous and needing second review.,exudate_macular_pattern_dominant,exudate_macular_pattern_dominant,,downgrade_needs_second_review,flag_for_second_review_not_training,yes_dry_run_only,dedupe_source_rows=1; source_run_names=baseline_002; source_review_row_ids=errslice_0148; contact_sheets=contact_sheets/errslice_010.jpg; proposal_status=proposal_only_review_hold_needs_second_review; proposed_corrected_bucket=
challenge_v1_dry_0081,large_dr_b001_mixed_000345,baseline_001_002_error_slice_round1_combined_review_support.csv,large_dr_batch_001_moderate_full_review,errslice_0155,train/32668_left.jpeg,mixed_hemorrhage_exudate_pattern,mixed_hemorrhage_exudate_pattern,needs_second_review_boundary,Round 1 marked this mixed_hemorrhage_exudate_pattern -> dr_pattern_dominant case as ambiguous and needing second review.,dr_pattern_dominant,dr_pattern_dominant,,downgrade_needs_second_review,flag_for_second_review_not_training,yes_dry_run_only,dedupe_source_rows=1; source_run_names=baseline_002; source_review_row_ids=errslice_0155; contact_sheets=contact_sheets/errslice_010.jpg; proposal_status=proposal_only_review_hold_needs_second_review; proposed_corrected_bucket=
challenge_v1_dry_0082,large_dr_b001_mixed_000349,baseline_001_002_error_slice_round1_combined_review_support.csv,large_dr_batch_001_moderate_full_review,errslice_0065,train/32791_left.jpeg,mixed_hemorrhage_exudate_pattern,mixed_hemorrhage_exudate_pattern,needs_second_review_boundary,Round 1 marked this mixed_hemorrhage_exudate_pattern -> dr_pattern_dominant case as ambiguous and needing second review.,dr_pattern_dominant,dr_pattern_dominant,,downgrade_needs_second_review,flag_for_second_review_not_training,yes_dry_run_only,dedupe_source_rows=1; source_run_names=baseline_001; source_review_row_ids=errslice_0065; contact_sheets=contact_sheets/errslice_005.jpg; proposal_status=proposal_only_review_hold_needs_second_review; proposed_corrected_bucket=
challenge_v1_dry_0083,large_dr_b001_mixed_000370,baseline_001_002_error_slice_round1_combined_review_support.csv,large_dr_batch_001_moderate_full_review,errslice_0069; errslice_0161,train/34690_left.jpeg,mixed_hemorrhage_exudate_pattern,mixed_hemorrhage_exudate_pattern,needs_second_review_boundary,Round 1 marked this mixed_hemorrhage_exudate_pattern -> exudate_macular_pattern_dominant case as ambiguous and needing second review.,exudate_macular_pattern_dominant,exudate_macular_pattern_dominant,,downgrade_needs_second_review,flag_for_second_review_not_training,yes_dry_run_only,dedupe_source_rows=2; source_run_names=baseline_001; baseline_002; source_review_row_ids=errslice_0069; errslice_0161; contact_sheets=contact_sheets/errslice_005.jpg; contact_sheets/errslice_011.jpg; proposal_status=proposal_only_review_hold_needs_second_review; proposed_corrected_bucket=; duplicate Round 1 instances collapsed by evidence_id + challenge_category
challenge_v1_dry_0084,large_dr_b001_mixed_000380,baseline_001_002_error_slice_round1_combined_review_support.csv,large_dr_batch_001_moderate_full_review,errslice_0072,train/35855_left.jpeg,mixed_hemorrhage_exudate_pattern,mixed_hemorrhage_exudate_pattern,needs_second_review_boundary,Round 1 marked this mixed_hemorrhage_exudate_pattern -> exudate_macular_pattern_dominant case as ambiguous and needing second review.,exudate_macular_pattern_dominant,exudate_macular_pattern_dominant,,downgrade_needs_second_review,flag_for_second_review_not_training,yes_dry_run_only,dedupe_source_rows=1; source_run_names=baseline_001; source_review_row_ids=errslice_0072; contact_sheets=contact_sheets/errslice_005.jpg; proposal_status=proposal_only_review_hold_needs_second_review; proposed_corrected_bucket=
challenge_v1_dry_0085,large_dr_b001_mixed_000390,baseline_001_002_error_slice_round1_combined_review_support.csv,large_dr_batch_001_moderate_full_review,errslice_0073; errslice_0165,train/36627_right.jpeg,mixed_hemorrhage_exudate_pattern,mixed_hemorrhage_exudate_pattern,needs_second_review_boundary,Round 1 marked this mixed_hemorrhage_exudate_pattern -> exudate_macular_pattern_dominant case as ambiguous and needing second review.,exudate_macular_pattern_dominant,exudate_macular_pattern_dominant,,downgrade_needs_second_review,flag_for_second_review_not_training,yes_dry_run_only,dedupe_source_rows=2; source_run_names=baseline_001; baseline_002; source_review_row_ids=errslice_0073; errslice_0165; contact_sheets=contact_sheets/errslice_005.jpg; contact_sheets/errslice_011.jpg; proposal_status=proposal_only_review_hold_needs_second_review; proposed_corrected_bucket=; duplicate Round 1 instances collapsed by evidence_id + challenge_category
challenge_v1_dry_0086,large_dr_b001_mixed_000394,baseline_001_002_error_slice_round1_combined_review_support.csv,large_dr_batch_001_moderate_full_review,errslice_0075,train/36907_left.jpeg,mixed_hemorrhage_exudate_pattern,mixed_hemorrhage_exudate_pattern,needs_second_review_boundary,Round 1 marked this mixed_hemorrhage_exudate_pattern -> exudate_macular_pattern_dominant case as ambiguous and needing second review.,exudate_macular_pattern_dominant,exudate_macular_pattern_dominant,,downgrade_needs_second_review,flag_for_second_review_not_training,yes_dry_run_only,dedupe_source_rows=1; source_run_names=baseline_001; source_review_row_ids=errslice_0075; contact_sheets=contact_sheets/errslice_005.jpg; proposal_status=proposal_only_review_hold_needs_second_review; proposed_corrected_bucket=
challenge_v1_dry_0087,large_dr_b001_mixed_000400,baseline_001_002_error_slice_round1_combined_review_support.csv,large_dr_batch_001_moderate_full_review,errslice_0170,train/37612_right.jpeg,mixed_hemorrhage_exudate_pattern,mixed_hemorrhage_exudate_pattern,needs_second_review_boundary,Round 1 marked this mixed_hemorrhage_exudate_pattern -> exudate_macular_pattern_dominant case as ambiguous and needing second review.,exudate_macular_pattern_dominant,exudate_macular_pattern_dominant,,downgrade_needs_second_review,flag_for_second_review_not_training,yes_dry_run_only,dedupe_source_rows=1; source_run_names=baseline_002; source_review_row_ids=errslice_0170; contact_sheets=contact_sheets/errslice_011.jpg; proposal_status=proposal_only_review_hold_needs_second_review; proposed_corrected_bucket=
challenge_v1_dry_0088,large_dr_b001_mixed_000418,baseline_001_002_error_slice_round1_combined_review_support.csv,large_dr_batch_001_moderate_full_review,errslice_0175,train/39869_right.jpeg,mixed_hemorrhage_exudate_pattern,mixed_hemorrhage_exudate_pattern,needs_second_review_boundary,Round 1 marked this mixed_hemorrhage_exudate_pattern -> dr_pattern_dominant case as ambiguous and needing second review.,dr_pattern_dominant,dr_pattern_dominant,,downgrade_needs_second_review,flag_for_second_review_not_training,yes_dry_run_only,dedupe_source_rows=1; source_run_names=baseline_002; source_review_row_ids=errslice_0175; contact_sheets=contact_sheets/errslice_011.jpg; proposal_status=proposal_only_review_hold_needs_second_review; proposed_corrected_bucket=
challenge_v1_dry_0089,large_dr_b001_mixed_000425,baseline_001_002_error_slice_round1_combined_review_support.csv,large_dr_batch_001_moderate_full_review,errslice_0179,train/40354_left.jpeg,mixed_hemorrhage_exudate_pattern,mixed_hemorrhage_exudate_pattern,needs_second_review_boundary,Round 1 marked this mixed_hemorrhage_exudate_pattern -> dr_pattern_dominant case as ambiguous and needing second review.,dr_pattern_dominant,dr_pattern_dominant,,downgrade_needs_second_review,flag_for_second_review_not_training,yes_dry_run_only,dedupe_source_rows=1; source_run_names=baseline_002; source_review_row_ids=errslice_0179; contact_sheets=contact_sheets/errslice_012.jpg; proposal_status=proposal_only_review_hold_needs_second_review; proposed_corrected_bucket=
challenge_v1_dry_0090,large_dr_b001_mixed_000434,baseline_001_002_error_slice_round1_combined_review_support.csv,large_dr_batch_001_moderate_full_review,errslice_0090,train/41173_left.jpeg,mixed_hemorrhage_exudate_pattern,mixed_hemorrhage_exudate_pattern,needs_second_review_boundary,Round 1 marked this mixed_hemorrhage_exudate_pattern -> exudate_macular_pattern_dominant case as ambiguous and needing second review.,exudate_macular_pattern_dominant,exudate_macular_pattern_dominant,,downgrade_needs_second_review,flag_for_second_review_not_training,yes_dry_run_only,dedupe_source_rows=1; source_run_names=baseline_001; source_review_row_ids=errslice_0090; contact_sheets=contact_sheets/errslice_006.jpg; proposal_status=proposal_only_review_hold_needs_second_review; proposed_corrected_bucket=
challenge_v1_dry_0091,large_dr_b001_mixed_000448,baseline_001_002_error_slice_round1_combined_review_support.csv,large_dr_batch_001_moderate_full_review,errslice_0190,train/42448_left.jpeg,mixed_hemorrhage_exudate_pattern,mixed_hemorrhage_exudate_pattern,needs_second_review_boundary,Round 1 marked this mixed_hemorrhage_exudate_pattern -> dr_pattern_dominant case as ambiguous and needing second review.,dr_pattern_dominant,dr_pattern_dominant,,downgrade_needs_second_review,flag_for_second_review_not_training,yes_dry_run_only,dedupe_source_rows=1; source_run_names=baseline_002; source_review_row_ids=errslice_0190; contact_sheets=contact_sheets/errslice_012.jpg; proposal_status=proposal_only_review_hold_needs_second_review; proposed_corrected_bucket=
challenge_v1_dry_0092,large_dr_b001_mixed_000450,baseline_001_002_error_slice_round1_combined_review_support.csv,large_dr_batch_001_moderate_full_review,errslice_0096,train/42715_left.jpeg,mixed_hemorrhage_exudate_pattern,mixed_hemorrhage_exudate_pattern,needs_second_review_boundary,Round 1 marked this mixed_hemorrhage_exudate_pattern -> dr_pattern_dominant case as ambiguous and needing second review.,dr_pattern_dominant,dr_pattern_dominant,,downgrade_needs_second_review,flag_for_second_review_not_training,yes_dry_run_only,dedupe_source_rows=1; source_run_names=baseline_001; source_review_row_ids=errslice_0096; contact_sheets=contact_sheets/errslice_006.jpg; proposal_status=proposal_only_review_hold_needs_second_review; proposed_corrected_bucket=
challenge_v1_dry_0093,large_dr_b001_mixed_000452,baseline_001_002_error_slice_round1_combined_review_support.csv,large_dr_batch_001_moderate_full_review,errslice_0098; errslice_0193,train/42871_left.jpeg,mixed_hemorrhage_exudate_pattern,mixed_hemorrhage_exudate_pattern,needs_second_review_boundary,Round 1 marked this mixed_hemorrhage_exudate_pattern -> dr_pattern_dominant case as ambiguous and needing second review.,dr_pattern_dominant,dr_pattern_dominant,,downgrade_needs_second_review,flag_for_second_review_not_training,yes_dry_run_only,dedupe_source_rows=2; source_run_names=baseline_001; baseline_002; source_review_row_ids=errslice_0098; errslice_0193; contact_sheets=contact_sheets/errslice_007.jpg; contact_sheets/errslice_013.jpg; proposal_status=proposal_only_review_hold_needs_second_review; proposed_corrected_bucket=; duplicate Round 1 instances collapsed by evidence_id + challenge_category
challenge_v1_dry_0097,large_dr_b001_mixed_000339,baseline_001_002_error_slice_round1_combined_review_support.csv,large_dr_batch_001_moderate_full_review,errslice_0061; errslice_0152,train/31940_right.jpeg,mixed_hemorrhage_exudate_pattern,mixed_hemorrhage_exudate_pattern,label_boundary_correction_candidate,Round 1 proposed a label-boundary correction toward the model prediction for mixed_hemorrhage_exudate_pattern -> dr_pattern_dominant.,dr_pattern_dominant,dr_pattern_dominant,,relabel_to_predicted,label_boundary_candidate_requires_review,yes_dry_run_only,dedupe_source_rows=2; source_run_names=baseline_001; baseline_002; source_review_row_ids=errslice_0061; errslice_0152; contact_sheets=contact_sheets/errslice_004.jpg; contact_sheets/errslice_010.jpg; proposal_status=proposal_only_relabel_to_predicted; proposed_corrected_bucket=dr_pattern_dominant; duplicate Round 1 instances collapsed by evidence_id + challenge_category
challenge_v1_dry_0098,large_dr_b001_mixed_000345,baseline_001_002_error_slice_round1_combined_review_support.csv,large_dr_batch_001_moderate_full_review,errslice_0064,train/32668_left.jpeg,mixed_hemorrhage_exudate_pattern,mixed_hemorrhage_exudate_pattern,label_boundary_correction_candidate,Round 1 proposed a label-boundary correction toward the model prediction for mixed_hemorrhage_exudate_pattern -> dr_pattern_dominant.,dr_pattern_dominant,dr_pattern_dominant,,relabel_to_predicted,label_boundary_candidate_requires_review,yes_dry_run_only,dedupe_source_rows=1; source_run_names=baseline_001; source_review_row_ids=errslice_0064; contact_sheets=contact_sheets/errslice_004.jpg; proposal_status=proposal_only_relabel_to_predicted; proposed_corrected_bucket=dr_pattern_dominant
challenge_v1_dry_0099,large_dr_b001_mixed_000349,baseline_001_002_error_slice_round1_combined_review_support.csv,large_dr_batch_001_moderate_full_review,errslice_0156,train/32791_left.jpeg,mixed_hemorrhage_exudate_pattern,mixed_hemorrhage_exudate_pattern,label_boundary_correction_candidate,Round 1 proposed a label-boundary correction toward the model prediction for mixed_hemorrhage_exudate_pattern -> dr_pattern_dominant.,dr_pattern_dominant,dr_pattern_dominant,,relabel_to_predicted,label_boundary_candidate_requires_review,yes_dry_run_only,dedupe_source_rows=1; source_run_names=baseline_002; source_review_row_ids=errslice_0156; contact_sheets=contact_sheets/errslice_010.jpg; proposal_status=proposal_only_relabel_to_predicted; proposed_corrected_bucket=dr_pattern_dominant
challenge_v1_dry_0101,large_dr_b001_mixed_000367,baseline_001_002_error_slice_round1_combined_review_support.csv,large_dr_batch_001_moderate_full_review,errslice_0068; errslice_0159,train/34274_right.jpeg,mixed_hemorrhage_exudate_pattern,mixed_hemorrhage_exudate_pattern,label_boundary_correction_candidate,Round 1 proposed a label-boundary correction toward the model prediction for mixed_hemorrhage_exudate_pattern -> dr_pattern_dominant.,dr_pattern_dominant,dr_pattern_dominant,,relabel_to_predicted,label_boundary_candidate_requires_review,yes_dry_run_only,dedupe_source_rows=2; source_run_names=baseline_001; baseline_002; source_review_row_ids=errslice_0068; errslice_0159; contact_sheets=contact_sheets/errslice_005.jpg; contact_sheets/errslice_010.jpg; proposal_status=proposal_only_relabel_to_predicted; proposed_corrected_bucket=dr_pattern_dominant; duplicate Round 1 instances collapsed by evidence_id + challenge_category
challenge_v1_dry_0105,large_dr_b001_mixed_000394,baseline_001_002_error_slice_round1_combined_review_support.csv,large_dr_batch_001_moderate_full_review,errslice_0167,train/36907_left.jpeg,mixed_hemorrhage_exudate_pattern,mixed_hemorrhage_exudate_pattern,label_boundary_correction_candidate,Round 1 proposed a label-boundary correction toward the model prediction for mixed_hemorrhage_exudate_pattern -> exudate_macular_pattern_dominant.,exudate_macular_pattern_dominant,exudate_macular_pattern_dominant,,relabel_to_predicted,label_boundary_candidate_requires_review,yes_dry_run_only,dedupe_source_rows=1; source_run_names=baseline_002; source_review_row_ids=errslice_0167; contact_sheets=contact_sheets/errslice_011.jpg; proposal_status=proposal_only_relabel_to_predicted; proposed_corrected_bucket=exudate_macular_pattern_dominant
challenge_v1_dry_0110,large_dr_b001_mixed_000415,baseline_001_002_error_slice_round1_combined_review_support.csv,large_dr_batch_001_moderate_full_review,errslice_0081,train/39365_right.jpeg,mixed_hemorrhage_exudate_pattern,mixed_hemorrhage_exudate_pattern,label_boundary_correction_candidate,Round 1 proposed a label-boundary correction toward the model prediction for mixed_hemorrhage_exudate_pattern -> exudate_macular_pattern_dominant.,exudate_macular_pattern_dominant,exudate_macular_pattern_dominant,,relabel_to_predicted,label_boundary_candidate_requires_review,yes_dry_run_only,dedupe_source_rows=1; source_run_names=baseline_001; source_review_row_ids=errslice_0081; contact_sheets=contact_sheets/errslice_006.jpg; proposal_status=proposal_only_relabel_to_predicted; proposed_corrected_bucket=exudate_macular_pattern_dominant
challenge_v1_dry_0112,large_dr_b001_mixed_000418,baseline_001_002_error_slice_round1_combined_review_support.csv,large_dr_batch_001_moderate_full_review,errslice_0083,train/39869_right.jpeg,mixed_hemorrhage_exudate_pattern,mixed_hemorrhage_exudate_pattern,label_boundary_correction_candidate,Round 1 proposed a label-boundary correction toward the model prediction for mixed_hemorrhage_exudate_pattern -> dr_pattern_dominant.,dr_pattern_dominant,dr_pattern_dominant,,relabel_to_predicted,label_boundary_candidate_requires_review,yes_dry_run_only,dedupe_source_rows=1; source_run_names=baseline_001; source_review_row_ids=errslice_0083; contact_sheets=contact_sheets/errslice_006.jpg; proposal_status=proposal_only_relabel_to_predicted; proposed_corrected_bucket=dr_pattern_dominant
challenge_v1_dry_0114,large_dr_b001_mixed_000425,baseline_001_002_error_slice_round1_combined_review_support.csv,large_dr_batch_001_moderate_full_review,errslice_0086,train/40354_left.jpeg,mixed_hemorrhage_exudate_pattern,mixed_hemorrhage_exudate_pattern,label_boundary_correction_candidate,Round 1 proposed a label-boundary correction toward the model prediction for mixed_hemorrhage_exudate_pattern -> dr_pattern_dominant.,dr_pattern_dominant,dr_pattern_dominant,,relabel_to_predicted,label_boundary_candidate_requires_review,yes_dry_run_only,dedupe_source_rows=1; source_run_names=baseline_001; source_review_row_ids=errslice_0086; contact_sheets=contact_sheets/errslice_006.jpg; proposal_status=proposal_only_relabel_to_predicted; proposed_corrected_bucket=dr_pattern_dominant
challenge_v1_dry_0116,large_dr_b001_mixed_000427,baseline_001_002_error_slice_round1_combined_review_support.csv,large_dr_batch_001_moderate_full_review,errslice_0088; errslice_0181,train/40538_right.jpeg,mixed_hemorrhage_exudate_pattern,mixed_hemorrhage_exudate_pattern,label_boundary_correction_candidate,Round 1 proposed a label-boundary correction toward the model prediction for mixed_hemorrhage_exudate_pattern -> dr_pattern_dominant.,dr_pattern_dominant,dr_pattern_dominant,,relabel_to_predicted,label_boundary_candidate_requires_review,yes_dry_run_only,dedupe_source_rows=2; source_run_names=baseline_001; baseline_002; source_review_row_ids=errslice_0088; errslice_0181; contact_sheets=contact_sheets/errslice_006.jpg; contact_sheets/errslice_012.jpg; proposal_status=proposal_only_relabel_to_predicted; proposed_corrected_bucket=dr_pattern_dominant; duplicate Round 1 instances collapsed by evidence_id + challenge_category
challenge_v1_dry_0118,large_dr_b001_mixed_000434,baseline_001_002_error_slice_round1_combined_review_support.csv,large_dr_batch_001_moderate_full_review,errslice_0184,train/41173_left.jpeg,mixed_hemorrhage_exudate_pattern,mixed_hemorrhage_exudate_pattern,label_boundary_correction_candidate,Round 1 proposed a label-boundary correction toward the model prediction for mixed_hemorrhage_exudate_pattern -> exudate_macular_pattern_dominant.,exudate_macular_pattern_dominant,exudate_macular_pattern_dominant,,relabel_to_predicted,label_boundary_candidate_requires_review,yes_dry_run_only,dedupe_source_rows=1; source_run_names=baseline_002; source_review_row_ids=errslice_0184; contact_sheets=contact_sheets/errslice_012.jpg; proposal_status=proposal_only_relabel_to_predicted; proposed_corrected_bucket=exudate_macular_pattern_dominant
challenge_v1_dry_0122,large_dr_b001_mixed_000448,baseline_001_002_error_slice_round1_combined_review_support.csv,large_dr_batch_001_moderate_full_review,errslice_0094,train/42448_left.jpeg,mixed_hemorrhage_exudate_pattern,mixed_hemorrhage_exudate_pattern,label_boundary_correction_candidate,Round 1 proposed a label-boundary correction toward the model prediction for mixed_hemorrhage_exudate_pattern -> dr_pattern_dominant.,dr_pattern_dominant,dr_pattern_dominant,,relabel_to_predicted,label_boundary_candidate_requires_review,yes_dry_run_only,dedupe_source_rows=1; source_run_names=baseline_001; source_review_row_ids=errslice_0094; contact_sheets=contact_sheets/errslice_006.jpg; proposal_status=proposal_only_relabel_to_predicted; proposed_corrected_bucket=dr_pattern_dominant
challenge_v1_dry_0124,large_dr_b001_mixed_000450,baseline_001_002_error_slice_round1_combined_review_support.csv,large_dr_batch_001_moderate_full_review,errslice_0192,train/42715_left.jpeg,mixed_hemorrhage_exudate_pattern,mixed_hemorrhage_exudate_pattern,label_boundary_correction_candidate,Round 1 proposed a label-boundary correction toward the model prediction for mixed_hemorrhage_exudate_pattern -> dr_pattern_dominant.,dr_pattern_dominant,dr_pattern_dominant,,relabel_to_predicted,label_boundary_candidate_requires_review,yes_dry_run_only,dedupe_source_rows=1; source_run_names=baseline_002; source_review_row_ids=errslice_0192; contact_sheets=contact_sheets/errslice_012.jpg; proposal_status=proposal_only_relabel_to_predicted; proposed_corrected_bucket=dr_pattern_dominant
challenge_v1_dry_0126,large_dr_b001_mixed_000462,baseline_001_002_error_slice_round1_combined_review_support.csv,large_dr_batch_001_moderate_full_review,errslice_0099; errslice_0195,train/43609_left.jpeg,mixed_hemorrhage_exudate_pattern,mixed_hemorrhage_exudate_pattern,label_boundary_correction_candidate,Round 1 proposed a label-boundary correction toward the model prediction for mixed_hemorrhage_exudate_pattern -> dr_pattern_dominant.,dr_pattern_dominant,dr_pattern_dominant,,relabel_to_predicted,label_boundary_candidate_requires_review,yes_dry_run_only,dedupe_source_rows=2; source_run_names=baseline_001; baseline_002; source_review_row_ids=errslice_0099; errslice_0195; contact_sheets=contact_sheets/errslice_007.jpg; contact_sheets/errslice_013.jpg; proposal_status=proposal_only_relabel_to_predicted; proposed_corrected_bucket=dr_pattern_dominant; duplicate Round 1 instances collapsed by evidence_id + challenge_category
