evidence_id,fitting_class,split,image_path,cached_external_path,cache_exists,file_size_bytes,source_batch,source_dataset,notes
batch_008_dr_pattern_evidence_dry_run_047,dr_pattern_dominant,train,Google Colab/Fundus DR Hem Exudate Separation/review_batches/batch_008_kaggle_dr_224_full_upload_pack/images/moderate/row_0030_moderate_07d8db76b301.png,F:\EyeScan_Local_Data\large_dr_82gb_work\fitting_v1_batch_008_image_cache\Google Colab\Fundus DR Hem Exudate Separation\review_batches\batch_008_kaggle_dr_224_full_upload_pack\images\moderate\row_0030_moderate_07d8db76b301.png,false,,batch_008_kaggle_dr_224,Kaggle Diabetic Retinopathy 224x224 2019,source PNG missing in Dell checkout; no cache file created; copy Batch 008 image bundle from Mac or restore from source artifact before Windows training
batch_008_dr_pattern_evidence_dry_run_033,dr_pattern_dominant,train,Google Colab/Fundus DR Hem Exudate Separation/review_batches/batch_008_kaggle_dr_224_full_upload_pack/images/moderate/row_0033_moderate_094858f005ab.png,F:\EyeScan_Local_Data\large_dr_82gb_work\fitting_v1_batch_008_image_cache\Google Colab\Fundus DR Hem Exudate Separation\review_batches\batch_008_kaggle_dr_224_full_upload_pack\images\moderate\row_0033_moderate_094858f005ab.png,false,,batch_008_kaggle_dr_224,Kaggle Diabetic Retinopathy 224x224 2019,source PNG missing in Dell checkout; no cache file created; copy Batch 008 image bundle from Mac or restore from source artifact before Windows training
batch_008_dr_pattern_evidence_dry_run_051,dr_pattern_dominant,train,Google Colab/Fundus DR Hem Exudate Separation/review_batches/batch_008_kaggle_dr_224_full_upload_pack/images/moderate/row_0048_moderate_0d0a21fd354f.png,F:\EyeScan_Local_Data\large_dr_82gb_work\fitting_v1_batch_008_image_cache\Google Colab\Fundus DR Hem Exudate Separation\review_batches\batch_008_kaggle_dr_224_full_upload_pack\images\moderate\row_0048_moderate_0d0a21fd354f.png,false,,batch_008_kaggle_dr_224,Kaggle Diabetic Retinopathy 224x224 2019,source PNG missing in Dell checkout; no cache file created; copy Batch 008 image bundle from Mac or restore from source artifact before Windows training
batch_008_dr_pattern_evidence_dry_run_084,dr_pattern_dominant,train,Google Colab/Fundus DR Hem Exudate Separation/review_batches/batch_008_kaggle_dr_224_full_upload_pack/images/moderate/row_0113_moderate_1c5e6cdc7ee1.png,F:\EyeScan_Local_Data\large_dr_82gb_work\fitting_v1_batch_008_image_cache\Google Colab\Fundus DR Hem Exudate Separation\review_batches\batch_008_kaggle_dr_224_full_upload_pack\images\moderate\row_0113_moderate_1c5e6cdc7ee1.png,false,,batch_008_kaggle_dr_224,Kaggle Diabetic Retinopathy 224x224 2019,source PNG missing in Dell checkout; no cache file created; copy Batch 008 image bundle from Mac or restore from source artifact before Windows training
batch_008_dr_pattern_evidence_dry_run_034,dr_pattern_dominant,train,Google Colab/Fundus DR Hem Exudate Separation/review_batches/batch_008_kaggle_dr_224_full_upload_pack/images/moderate/row_0134_moderate_203275daf46d.png,F:\EyeScan_Local_Data\large_dr_82gb_work\fitting_v1_batch_008_image_cache\Google Colab\Fundus DR Hem Exudate Separation\review_batches\batch_008_kaggle_dr_224_full_upload_pack\images\moderate\row_0134_moderate_203275daf46d.png,false,,batch_008_kaggle_dr_224,Kaggle Diabetic Retinopathy 224x224 2019,source PNG missing in Dell checkout; no cache file created; copy Batch 008 image bundle from Mac or restore from source artifact before Windows training
batch_008_dr_pattern_evidence_dry_run_054,dr_pattern_dominant,train,Google Colab/Fundus DR Hem Exudate Separation/review_batches/batch_008_kaggle_dr_224_full_upload_pack/images/moderate/row_0164_moderate_26e231747848.png,F:\EyeScan_Local_Data\large_dr_82gb_work\fitting_v1_batch_008_image_cache\Google Colab\Fundus DR Hem Exudate Separation\review_batches\batch_008_kaggle_dr_224_full_upload_pack\images\moderate\row_0164_moderate_26e231747848.png,false,,batch_008_kaggle_dr_224,Kaggle Diabetic Retinopathy 224x224 2019,source PNG missing in Dell checkout; no cache file created; copy Batch 008 image bundle from Mac or restore from source artifact before Windows training
batch_008_dr_pattern_evidence_dry_run_037,dr_pattern_dominant,train,Google Colab/Fundus DR Hem Exudate Separation/review_batches/batch_008_kaggle_dr_224_full_upload_pack/images/moderate/row_0184_moderate_2a3a1ed1c285.png,F:\EyeScan_Local_Data\large_dr_82gb_work\fitting_v1_batch_008_image_cache\Google Colab\Fundus DR Hem Exudate Separation\review_batches\batch_008_kaggle_dr_224_full_upload_pack\images\moderate\row_0184_moderate_2a3a1ed1c285.png,false,,batch_008_kaggle_dr_224,Kaggle Diabetic Retinopathy 224x224 2019,source PNG missing in Dell checkout; no cache file created; copy Batch 008 image bundle from Mac or restore from source artifact before Windows training
batch_008_dr_pattern_evidence_dry_run_038,dr_pattern_dominant,train,Google Colab/Fundus DR Hem Exudate Separation/review_batches/batch_008_kaggle_dr_224_full_upload_pack/images/moderate/row_0190_moderate_2b21d293fdf2.png,F:\EyeScan_Local_Data\large_dr_82gb_work\fitting_v1_batch_008_image_cache\Google Colab\Fundus DR Hem Exudate Separation\review_batches\batch_008_kaggle_dr_224_full_upload_pack\images\moderate\row_0190_moderate_2b21d293fdf2.png,false,,batch_008_kaggle_dr_224,Kaggle Diabetic Retinopathy 224x224 2019,source PNG missing in Dell checkout; no cache file created; copy Batch 008 image bundle from Mac or restore from source artifact before Windows training
batch_008_dr_pattern_evidence_dry_run_095,dr_pattern_dominant,train,Google Colab/Fundus DR Hem Exudate Separation/review_batches/batch_008_kaggle_dr_224_full_upload_pack/images/moderate/row_0191_moderate_2b88cb6e31cd.png,F:\EyeScan_Local_Data\large_dr_82gb_work\fitting_v1_batch_008_image_cache\Google Colab\Fundus DR Hem Exudate Separation\review_batches\batch_008_kaggle_dr_224_full_upload_pack\images\moderate\row_0191_moderate_2b88cb6e31cd.png,false,,batch_008_kaggle_dr_224,Kaggle Diabetic Retinopathy 224x224 2019,source PNG missing in Dell checkout; no cache file created; copy Batch 008 image bundle from Mac or restore from source artifact before Windows training
batch_008_dr_pattern_evidence_dry_run_055,dr_pattern_dominant,train,Google Colab/Fundus DR Hem Exudate Separation/review_batches/batch_008_kaggle_dr_224_full_upload_pack/images/moderate/row_0227_moderate_36ec36c301c1.png,F:\EyeScan_Local_Data\large_dr_82gb_work\fitting_v1_batch_008_image_cache\Google Colab\Fundus DR Hem Exudate Separation\review_batches\batch_008_kaggle_dr_224_full_upload_pack\images\moderate\row_0227_moderate_36ec36c301c1.png,false,,batch_008_kaggle_dr_224,Kaggle Diabetic Retinopathy 224x224 2019,source PNG missing in Dell checkout; no cache file created; copy Batch 008 image bundle from Mac or restore from source artifact before Windows training
batch_008_dr_pattern_evidence_dry_run_044,dr_pattern_dominant,train,Google Colab/Fundus DR Hem Exudate Separation/review_batches/batch_008_kaggle_dr_224_full_upload_pack/images/moderate/row_0238_moderate_3a1d3ce00f0c.png,F:\EyeScan_Local_Data\large_dr_82gb_work\fitting_v1_batch_008_image_cache\Google Colab\Fundus DR Hem Exudate Separation\review_batches\batch_008_kaggle_dr_224_full_upload_pack\images\moderate\row_0238_moderate_3a1d3ce00f0c.png,false,,batch_008_kaggle_dr_224,Kaggle Diabetic Retinopathy 224x224 2019,source PNG missing in Dell checkout; no cache file created; copy Batch 008 image bundle from Mac or restore from source artifact before Windows training
batch_008_dr_pattern_evidence_dry_run_085,dr_pattern_dominant,train,Google Colab/Fundus DR Hem Exudate Separation/review_batches/batch_008_kaggle_dr_224_full_upload_pack/images/moderate/row_0245_moderate_3c53198519f7.png,F:\EyeScan_Local_Data\large_dr_82gb_work\fitting_v1_batch_008_image_cache\Google Colab\Fundus DR Hem Exudate Separation\review_batches\batch_008_kaggle_dr_224_full_upload_pack\images\moderate\row_0245_moderate_3c53198519f7.png,false,,batch_008_kaggle_dr_224,Kaggle Diabetic Retinopathy 224x224 2019,source PNG missing in Dell checkout; no cache file created; copy Batch 008 image bundle from Mac or restore from source artifact before Windows training
batch_008_dr_pattern_evidence_dry_run_076,dr_pattern_dominant,train,Google Colab/Fundus DR Hem Exudate Separation/review_batches/batch_008_kaggle_dr_224_full_upload_pack/images/moderate/row_0267_moderate_419406328dcd.png,F:\EyeScan_Local_Data\large_dr_82gb_work\fitting_v1_batch_008_image_cache\Google Colab\Fundus DR Hem Exudate Separation\review_batches\batch_008_kaggle_dr_224_full_upload_pack\images\moderate\row_0267_moderate_419406328dcd.png,false,,batch_008_kaggle_dr_224,Kaggle Diabetic Retinopathy 224x224 2019,source PNG missing in Dell checkout; no cache file created; copy Batch 008 image bundle from Mac or restore from source artifact before Windows training
batch_008_dr_pattern_evidence_dry_run_017,dr_pattern_dominant,train,Google Colab/Fundus DR Hem Exudate Separation/review_batches/batch_008_kaggle_dr_224_full_upload_pack/images/moderate/row_0272_moderate_42a67337fa8e.png,F:\EyeScan_Local_Data\large_dr_82gb_work\fitting_v1_batch_008_image_cache\Google Colab\Fundus DR Hem Exudate Separation\review_batches\batch_008_kaggle_dr_224_full_upload_pack\images\moderate\row_0272_moderate_42a67337fa8e.png,false,,batch_008_kaggle_dr_224,Kaggle Diabetic Retinopathy 224x224 2019,source PNG missing in Dell checkout; no cache file created; copy Batch 008 image bundle from Mac or restore from source artifact before Windows training
batch_008_dr_pattern_evidence_dry_run_015,dr_pattern_dominant,train,Google Colab/Fundus DR Hem Exudate Separation/review_batches/batch_008_kaggle_dr_224_full_upload_pack/images/moderate/row_0278_moderate_437900a99871.png,F:\EyeScan_Local_Data\large_dr_82gb_work\fitting_v1_batch_008_image_cache\Google Colab\Fundus DR Hem Exudate Separation\review_batches\batch_008_kaggle_dr_224_full_upload_pack\images\moderate\row_0278_moderate_437900a99871.png,false,,batch_008_kaggle_dr_224,Kaggle Diabetic Retinopathy 224x224 2019,source PNG missing in Dell checkout; no cache file created; copy Batch 008 image bundle from Mac or restore from source artifact before Windows training
batch_008_dr_pattern_evidence_dry_run_029,dr_pattern_dominant,train,Google Colab/Fundus DR Hem Exudate Separation/review_batches/batch_008_kaggle_dr_224_full_upload_pack/images/moderate/row_0293_moderate_453d553b0a94.png,F:\EyeScan_Local_Data\large_dr_82gb_work\fitting_v1_batch_008_image_cache\Google Colab\Fundus DR Hem Exudate Separation\review_batches\batch_008_kaggle_dr_224_full_upload_pack\images\moderate\row_0293_moderate_453d553b0a94.png,false,,batch_008_kaggle_dr_224,Kaggle Diabetic Retinopathy 224x224 2019,source PNG missing in Dell checkout; no cache file created; copy Batch 008 image bundle from Mac or restore from source artifact before Windows training
batch_008_dr_pattern_evidence_dry_run_021,dr_pattern_dominant,train,Google Colab/Fundus DR Hem Exudate Separation/review_batches/batch_008_kaggle_dr_224_full_upload_pack/images/moderate/row_0295_moderate_45c39ab9e797.png,F:\EyeScan_Local_Data\large_dr_82gb_work\fitting_v1_batch_008_image_cache\Google Colab\Fundus DR Hem Exudate Separation\review_batches\batch_008_kaggle_dr_224_full_upload_pack\images\moderate\row_0295_moderate_45c39ab9e797.png,false,,batch_008_kaggle_dr_224,Kaggle Diabetic Retinopathy 224x224 2019,source PNG missing in Dell checkout; no cache file created; copy Batch 008 image bundle from Mac or restore from source artifact before Windows training
batch_008_dr_pattern_evidence_dry_run_069,dr_pattern_dominant,train,Google Colab/Fundus DR Hem Exudate Separation/review_batches/batch_008_kaggle_dr_224_full_upload_pack/images/moderate/row_0298_moderate_467b7d9d811c.png,F:\EyeScan_Local_Data\large_dr_82gb_work\fitting_v1_batch_008_image_cache\Google Colab\Fundus DR Hem Exudate Separation\review_batches\batch_008_kaggle_dr_224_full_upload_pack\images\moderate\row_0298_moderate_467b7d9d811c.png,false,,batch_008_kaggle_dr_224,Kaggle Diabetic Retinopathy 224x224 2019,source PNG missing in Dell checkout; no cache file created; copy Batch 008 image bundle from Mac or restore from source artifact before Windows training
batch_008_dr_pattern_evidence_dry_run_073,dr_pattern_dominant,train,Google Colab/Fundus DR Hem Exudate Separation/review_batches/batch_008_kaggle_dr_224_full_upload_pack/images/moderate/row_0299_moderate_46923eea9a4e.png,F:\EyeScan_Local_Data\large_dr_82gb_work\fitting_v1_batch_008_image_cache\Google Colab\Fundus DR Hem Exudate Separation\review_batches\batch_008_kaggle_dr_224_full_upload_pack\images\moderate\row_0299_moderate_46923eea9a4e.png,false,,batch_008_kaggle_dr_224,Kaggle Diabetic Retinopathy 224x224 2019,source PNG missing in Dell checkout; no cache file created; copy Batch 008 image bundle from Mac or restore from source artifact before Windows training
batch_008_dr_pattern_evidence_dry_run_040,dr_pattern_dominant,train,Google Colab/Fundus DR Hem Exudate Separation/review_batches/batch_008_kaggle_dr_224_full_upload_pack/images/moderate/row_0316_moderate_4a44cc840ebe.png,F:\EyeScan_Local_Data\large_dr_82gb_work\fitting_v1_batch_008_image_cache\Google Colab\Fundus DR Hem Exudate Separation\review_batches\batch_008_kaggle_dr_224_full_upload_pack\images\moderate\row_0316_moderate_4a44cc840ebe.png,false,,batch_008_kaggle_dr_224,Kaggle Diabetic Retinopathy 224x224 2019,source PNG missing in Dell checkout; no cache file created; copy Batch 008 image bundle from Mac or restore from source artifact before Windows training
batch_008_dr_pattern_evidence_dry_run_061,dr_pattern_dominant,train,Google Colab/Fundus DR Hem Exudate Separation/review_batches/batch_008_kaggle_dr_224_full_upload_pack/images/moderate/row_0331_moderate_4e7694eebb91.png,F:\EyeScan_Local_Data\large_dr_82gb_work\fitting_v1_batch_008_image_cache\Google Colab\Fundus DR Hem Exudate Separation\review_batches\batch_008_kaggle_dr_224_full_upload_pack\images\moderate\row_0331_moderate_4e7694eebb91.png,false,,batch_008_kaggle_dr_224,Kaggle Diabetic Retinopathy 224x224 2019,source PNG missing in Dell checkout; no cache file created; copy Batch 008 image bundle from Mac or restore from source artifact before Windows training
batch_008_dr_pattern_evidence_dry_run_023,dr_pattern_dominant,train,Google Colab/Fundus DR Hem Exudate Separation/review_batches/batch_008_kaggle_dr_224_full_upload_pack/images/moderate/row_0359_moderate_530d78467615.png,F:\EyeScan_Local_Data\large_dr_82gb_work\fitting_v1_batch_008_image_cache\Google Colab\Fundus DR Hem Exudate Separation\review_batches\batch_008_kaggle_dr_224_full_upload_pack\images\moderate\row_0359_moderate_530d78467615.png,false,,batch_008_kaggle_dr_224,Kaggle Diabetic Retinopathy 224x224 2019,source PNG missing in Dell checkout; no cache file created; copy Batch 008 image bundle from Mac or restore from source artifact before Windows training
batch_008_dr_pattern_evidence_dry_run_030,dr_pattern_dominant,train,Google Colab/Fundus DR Hem Exudate Separation/review_batches/batch_008_kaggle_dr_224_full_upload_pack/images/moderate/row_0364_moderate_54bbe3da103e.png,F:\EyeScan_Local_Data\large_dr_82gb_work\fitting_v1_batch_008_image_cache\Google Colab\Fundus DR Hem Exudate Separation\review_batches\batch_008_kaggle_dr_224_full_upload_pack\images\moderate\row_0364_moderate_54bbe3da103e.png,false,,batch_008_kaggle_dr_224,Kaggle Diabetic Retinopathy 224x224 2019,source PNG missing in Dell checkout; no cache file created; copy Batch 008 image bundle from Mac or restore from source artifact before Windows training
batch_008_dr_pattern_evidence_dry_run_025,dr_pattern_dominant,train,Google Colab/Fundus DR Hem Exudate Separation/review_batches/batch_008_kaggle_dr_224_full_upload_pack/images/moderate/row_0373_moderate_57760be09c03.png,F:\EyeScan_Local_Data\large_dr_82gb_work\fitting_v1_batch_008_image_cache\Google Colab\Fundus DR Hem Exudate Separation\review_batches\batch_008_kaggle_dr_224_full_upload_pack\images\moderate\row_0373_moderate_57760be09c03.png,false,,batch_008_kaggle_dr_224,Kaggle Diabetic Retinopathy 224x224 2019,source PNG missing in Dell checkout; no cache file created; copy Batch 008 image bundle from Mac or restore from source artifact before Windows training
batch_008_dr_pattern_evidence_dry_run_063,dr_pattern_dominant,train,Google Colab/Fundus DR Hem Exudate Separation/review_batches/batch_008_kaggle_dr_224_full_upload_pack/images/moderate/row_0375_moderate_57ce57a8cfb0.png,F:\EyeScan_Local_Data\large_dr_82gb_work\fitting_v1_batch_008_image_cache\Google Colab\Fundus DR Hem Exudate Separation\review_batches\batch_008_kaggle_dr_224_full_upload_pack\images\moderate\row_0375_moderate_57ce57a8cfb0.png,false,,batch_008_kaggle_dr_224,Kaggle Diabetic Retinopathy 224x224 2019,source PNG missing in Dell checkout; no cache file created; copy Batch 008 image bundle from Mac or restore from source artifact before Windows training
batch_008_dr_pattern_evidence_dry_run_096,dr_pattern_dominant,train,Google Colab/Fundus DR Hem Exudate Separation/review_batches/batch_008_kaggle_dr_224_full_upload_pack/images/moderate/row_0377_moderate_582f739b8f62.png,F:\EyeScan_Local_Data\large_dr_82gb_work\fitting_v1_batch_008_image_cache\Google Colab\Fundus DR Hem Exudate Separation\review_batches\batch_008_kaggle_dr_224_full_upload_pack\images\moderate\row_0377_moderate_582f739b8f62.png,false,,batch_008_kaggle_dr_224,Kaggle Diabetic Retinopathy 224x224 2019,source PNG missing in Dell checkout; no cache file created; copy Batch 008 image bundle from Mac or restore from source artifact before Windows training
batch_008_dr_pattern_evidence_dry_run_094,dr_pattern_dominant,train,Google Colab/Fundus DR Hem Exudate Separation/review_batches/batch_008_kaggle_dr_224_full_upload_pack/images/moderate/row_0378_moderate_58529a8638d0.png,F:\EyeScan_Local_Data\large_dr_82gb_work\fitting_v1_batch_008_image_cache\Google Colab\Fundus DR Hem Exudate Separation\review_batches\batch_008_kaggle_dr_224_full_upload_pack\images\moderate\row_0378_moderate_58529a8638d0.png,false,,batch_008_kaggle_dr_224,Kaggle Diabetic Retinopathy 224x224 2019,source PNG missing in Dell checkout; no cache file created; copy Batch 008 image bundle from Mac or restore from source artifact before Windows training
batch_008_dr_pattern_evidence_dry_run_098,dr_pattern_dominant,train,Google Colab/Fundus DR Hem Exudate Separation/review_batches/batch_008_kaggle_dr_224_full_upload_pack/images/moderate/row_0383_moderate_59f3f70abddd.png,F:\EyeScan_Local_Data\large_dr_82gb_work\fitting_v1_batch_008_image_cache\Google Colab\Fundus DR Hem Exudate Separation\review_batches\batch_008_kaggle_dr_224_full_upload_pack\images\moderate\row_0383_moderate_59f3f70abddd.png,false,,batch_008_kaggle_dr_224,Kaggle Diabetic Retinopathy 224x224 2019,source PNG missing in Dell checkout; no cache file created; copy Batch 008 image bundle from Mac or restore from source artifact before Windows training
batch_008_dr_pattern_evidence_dry_run_083,dr_pattern_dominant,train,Google Colab/Fundus DR Hem Exudate Separation/review_batches/batch_008_kaggle_dr_224_full_upload_pack/images/moderate/row_0392_moderate_5c8482926a08.png,F:\EyeScan_Local_Data\large_dr_82gb_work\fitting_v1_batch_008_image_cache\Google Colab\Fundus DR Hem Exudate Separation\review_batches\batch_008_kaggle_dr_224_full_upload_pack\images\moderate\row_0392_moderate_5c8482926a08.png,false,,batch_008_kaggle_dr_224,Kaggle Diabetic Retinopathy 224x224 2019,source PNG missing in Dell checkout; no cache file created; copy Batch 008 image bundle from Mac or restore from source artifact before Windows training
batch_008_dr_pattern_evidence_dry_run_026,dr_pattern_dominant,train,Google Colab/Fundus DR Hem Exudate Separation/review_batches/batch_008_kaggle_dr_224_full_upload_pack/images/moderate/row_0398_moderate_5e18af29d812.png,F:\EyeScan_Local_Data\large_dr_82gb_work\fitting_v1_batch_008_image_cache\Google Colab\Fundus DR Hem Exudate Separation\review_batches\batch_008_kaggle_dr_224_full_upload_pack\images\moderate\row_0398_moderate_5e18af29d812.png,false,,batch_008_kaggle_dr_224,Kaggle Diabetic Retinopathy 224x224 2019,source PNG missing in Dell checkout; no cache file created; copy Batch 008 image bundle from Mac or restore from source artifact before Windows training
batch_008_dr_pattern_evidence_dry_run_079,dr_pattern_dominant,train,Google Colab/Fundus DR Hem Exudate Separation/review_batches/batch_008_kaggle_dr_224_full_upload_pack/images/moderate/row_0401_moderate_5e7cc6ab4ac4.png,F:\EyeScan_Local_Data\large_dr_82gb_work\fitting_v1_batch_008_image_cache\Google Colab\Fundus DR Hem Exudate Separation\review_batches\batch_008_kaggle_dr_224_full_upload_pack\images\moderate\row_0401_moderate_5e7cc6ab4ac4.png,false,,batch_008_kaggle_dr_224,Kaggle Diabetic Retinopathy 224x224 2019,source PNG missing in Dell checkout; no cache file created; copy Batch 008 image bundle from Mac or restore from source artifact before Windows training
batch_008_dr_pattern_evidence_dry_run_067,dr_pattern_dominant,train,Google Colab/Fundus DR Hem Exudate Separation/review_batches/batch_008_kaggle_dr_224_full_upload_pack/images/moderate/row_0403_moderate_5ed6dc419e4d.png,F:\EyeScan_Local_Data\large_dr_82gb_work\fitting_v1_batch_008_image_cache\Google Colab\Fundus DR Hem Exudate Separation\review_batches\batch_008_kaggle_dr_224_full_upload_pack\images\moderate\row_0403_moderate_5ed6dc419e4d.png,false,,batch_008_kaggle_dr_224,Kaggle Diabetic Retinopathy 224x224 2019,source PNG missing in Dell checkout; no cache file created; copy Batch 008 image bundle from Mac or restore from source artifact before Windows training
batch_008_dr_pattern_evidence_dry_run_018,dr_pattern_dominant,train,Google Colab/Fundus DR Hem Exudate Separation/review_batches/batch_008_kaggle_dr_224_full_upload_pack/images/moderate/row_0424_moderate_6666c4f18396.png,F:\EyeScan_Local_Data\large_dr_82gb_work\fitting_v1_batch_008_image_cache\Google Colab\Fundus DR Hem Exudate Separation\review_batches\batch_008_kaggle_dr_224_full_upload_pack\images\moderate\row_0424_moderate_6666c4f18396.png,false,,batch_008_kaggle_dr_224,Kaggle Diabetic Retinopathy 224x224 2019,source PNG missing in Dell checkout; no cache file created; copy Batch 008 image bundle from Mac or restore from source artifact before Windows training
batch_008_dr_pattern_evidence_dry_run_020,dr_pattern_dominant,train,Google Colab/Fundus DR Hem Exudate Separation/review_batches/batch_008_kaggle_dr_224_full_upload_pack/images/moderate/row_0435_moderate_6889bc64ab09.png,F:\EyeScan_Local_Data\large_dr_82gb_work\fitting_v1_batch_008_image_cache\Google Colab\Fundus DR Hem Exudate Separation\review_batches\batch_008_kaggle_dr_224_full_upload_pack\images\moderate\row_0435_moderate_6889bc64ab09.png,false,,batch_008_kaggle_dr_224,Kaggle Diabetic Retinopathy 224x224 2019,source PNG missing in Dell checkout; no cache file created; copy Batch 008 image bundle from Mac or restore from source artifact before Windows training
batch_008_dr_pattern_evidence_dry_run_014,dr_pattern_dominant,train,Google Colab/Fundus DR Hem Exudate Separation/review_batches/batch_008_kaggle_dr_224_full_upload_pack/images/moderate/row_0448_moderate_6d3d1fe6c32a.png,F:\EyeScan_Local_Data\large_dr_82gb_work\fitting_v1_batch_008_image_cache\Google Colab\Fundus DR Hem Exudate Separation\review_batches\batch_008_kaggle_dr_224_full_upload_pack\images\moderate\row_0448_moderate_6d3d1fe6c32a.png,false,,batch_008_kaggle_dr_224,Kaggle Diabetic Retinopathy 224x224 2019,source PNG missing in Dell checkout; no cache file created; copy Batch 008 image bundle from Mac or restore from source artifact before Windows training
batch_008_dr_pattern_evidence_dry_run_092,dr_pattern_dominant,train,Google Colab/Fundus DR Hem Exudate Separation/review_batches/batch_008_kaggle_dr_224_full_upload_pack/images/moderate/row_0451_moderate_6dfd80748e72.png,F:\EyeScan_Local_Data\large_dr_82gb_work\fitting_v1_batch_008_image_cache\Google Colab\Fundus DR Hem Exudate Separation\review_batches\batch_008_kaggle_dr_224_full_upload_pack\images\moderate\row_0451_moderate_6dfd80748e72.png,false,,batch_008_kaggle_dr_224,Kaggle Diabetic Retinopathy 224x224 2019,source PNG missing in Dell checkout; no cache file created; copy Batch 008 image bundle from Mac or restore from source artifact before Windows training
batch_008_dr_pattern_evidence_dry_run_091,dr_pattern_dominant,train,Google Colab/Fundus DR Hem Exudate Separation/review_batches/batch_008_kaggle_dr_224_full_upload_pack/images/moderate/row_0462_moderate_7247a2c97f71.png,F:\EyeScan_Local_Data\large_dr_82gb_work\fitting_v1_batch_008_image_cache\Google Colab\Fundus DR Hem Exudate Separation\review_batches\batch_008_kaggle_dr_224_full_upload_pack\images\moderate\row_0462_moderate_7247a2c97f71.png,false,,batch_008_kaggle_dr_224,Kaggle Diabetic Retinopathy 224x224 2019,source PNG missing in Dell checkout; no cache file created; copy Batch 008 image bundle from Mac or restore from source artifact before Windows training
batch_008_dr_pattern_evidence_dry_run_012,dr_pattern_dominant,train,Google Colab/Fundus DR Hem Exudate Separation/review_batches/batch_008_kaggle_dr_224_full_upload_pack/images/moderate/row_0466_moderate_73e83a07a16d.png,F:\EyeScan_Local_Data\large_dr_82gb_work\fitting_v1_batch_008_image_cache\Google Colab\Fundus DR Hem Exudate Separation\review_batches\batch_008_kaggle_dr_224_full_upload_pack\images\moderate\row_0466_moderate_73e83a07a16d.png,false,,batch_008_kaggle_dr_224,Kaggle Diabetic Retinopathy 224x224 2019,source PNG missing in Dell checkout; no cache file created; copy Batch 008 image bundle from Mac or restore from source artifact before Windows training
batch_008_dr_pattern_evidence_dry_run_097,dr_pattern_dominant,train,Google Colab/Fundus DR Hem Exudate Separation/review_batches/batch_008_kaggle_dr_224_full_upload_pack/images/moderate/row_0467_moderate_74418f620068.png,F:\EyeScan_Local_Data\large_dr_82gb_work\fitting_v1_batch_008_image_cache\Google Colab\Fundus DR Hem Exudate Separation\review_batches\batch_008_kaggle_dr_224_full_upload_pack\images\moderate\row_0467_moderate_74418f620068.png,false,,batch_008_kaggle_dr_224,Kaggle Diabetic Retinopathy 224x224 2019,source PNG missing in Dell checkout; no cache file created; copy Batch 008 image bundle from Mac or restore from source artifact before Windows training
batch_008_dr_pattern_evidence_dry_run_042,dr_pattern_dominant,train,Google Colab/Fundus DR Hem Exudate Separation/review_batches/batch_008_kaggle_dr_224_full_upload_pack/images/moderate/row_0492_moderate_7bc2e0fa3f72.png,F:\EyeScan_Local_Data\large_dr_82gb_work\fitting_v1_batch_008_image_cache\Google Colab\Fundus DR Hem Exudate Separation\review_batches\batch_008_kaggle_dr_224_full_upload_pack\images\moderate\row_0492_moderate_7bc2e0fa3f72.png,false,,batch_008_kaggle_dr_224,Kaggle Diabetic Retinopathy 224x224 2019,source PNG missing in Dell checkout; no cache file created; copy Batch 008 image bundle from Mac or restore from source artifact before Windows training
batch_008_dr_pattern_evidence_dry_run_064,dr_pattern_dominant,train,Google Colab/Fundus DR Hem Exudate Separation/review_batches/batch_008_kaggle_dr_224_full_upload_pack/images/moderate/row_0498_moderate_7d261f986bef.png,F:\EyeScan_Local_Data\large_dr_82gb_work\fitting_v1_batch_008_image_cache\Google Colab\Fundus DR Hem Exudate Separation\review_batches\batch_008_kaggle_dr_224_full_upload_pack\images\moderate\row_0498_moderate_7d261f986bef.png,false,,batch_008_kaggle_dr_224,Kaggle Diabetic Retinopathy 224x224 2019,source PNG missing in Dell checkout; no cache file created; copy Batch 008 image bundle from Mac or restore from source artifact before Windows training
batch_008_dr_pattern_evidence_dry_run_035,dr_pattern_dominant,train,Google Colab/Fundus DR Hem Exudate Separation/review_batches/batch_008_kaggle_dr_224_full_upload_pack/images/moderate/row_0503_moderate_7e9458de5707.png,F:\EyeScan_Local_Data\large_dr_82gb_work\fitting_v1_batch_008_image_cache\Google Colab\Fundus DR Hem Exudate Separation\review_batches\batch_008_kaggle_dr_224_full_upload_pack\images\moderate\row_0503_moderate_7e9458de5707.png,false,,batch_008_kaggle_dr_224,Kaggle Diabetic Retinopathy 224x224 2019,source PNG missing in Dell checkout; no cache file created; copy Batch 008 image bundle from Mac or restore from source artifact before Windows training
batch_008_dr_pattern_evidence_dry_run_022,dr_pattern_dominant,train,Google Colab/Fundus DR Hem Exudate Separation/review_batches/batch_008_kaggle_dr_224_full_upload_pack/images/moderate/row_0543_moderate_8871e6a26596.png,F:\EyeScan_Local_Data\large_dr_82gb_work\fitting_v1_batch_008_image_cache\Google Colab\Fundus DR Hem Exudate Separation\review_batches\batch_008_kaggle_dr_224_full_upload_pack\images\moderate\row_0543_moderate_8871e6a26596.png,false,,batch_008_kaggle_dr_224,Kaggle Diabetic Retinopathy 224x224 2019,source PNG missing in Dell checkout; no cache file created; copy Batch 008 image bundle from Mac or restore from source artifact before Windows training
batch_008_dr_pattern_evidence_dry_run_027,dr_pattern_dominant,train,Google Colab/Fundus DR Hem Exudate Separation/review_batches/batch_008_kaggle_dr_224_full_upload_pack/images/moderate/row_0547_moderate_89d2a7403a06.png,F:\EyeScan_Local_Data\large_dr_82gb_work\fitting_v1_batch_008_image_cache\Google Colab\Fundus DR Hem Exudate Separation\review_batches\batch_008_kaggle_dr_224_full_upload_pack\images\moderate\row_0547_moderate_89d2a7403a06.png,false,,batch_008_kaggle_dr_224,Kaggle Diabetic Retinopathy 224x224 2019,source PNG missing in Dell checkout; no cache file created; copy Batch 008 image bundle from Mac or restore from source artifact before Windows training
batch_008_dr_pattern_evidence_dry_run_078,dr_pattern_dominant,train,Google Colab/Fundus DR Hem Exudate Separation/review_batches/batch_008_kaggle_dr_224_full_upload_pack/images/moderate/row_0559_moderate_8cb6b5b2f19c.png,F:\EyeScan_Local_Data\large_dr_82gb_work\fitting_v1_batch_008_image_cache\Google Colab\Fundus DR Hem Exudate Separation\review_batches\batch_008_kaggle_dr_224_full_upload_pack\images\moderate\row_0559_moderate_8cb6b5b2f19c.png,false,,batch_008_kaggle_dr_224,Kaggle Diabetic Retinopathy 224x224 2019,source PNG missing in Dell checkout; no cache file created; copy Batch 008 image bundle from Mac or restore from source artifact before Windows training
batch_008_dr_pattern_evidence_dry_run_065,dr_pattern_dominant,train,Google Colab/Fundus DR Hem Exudate Separation/review_batches/batch_008_kaggle_dr_224_full_upload_pack/images/moderate/row_0578_moderate_91cbe1c775ef.png,F:\EyeScan_Local_Data\large_dr_82gb_work\fitting_v1_batch_008_image_cache\Google Colab\Fundus DR Hem Exudate Separation\review_batches\batch_008_kaggle_dr_224_full_upload_pack\images\moderate\row_0578_moderate_91cbe1c775ef.png,false,,batch_008_kaggle_dr_224,Kaggle Diabetic Retinopathy 224x224 2019,source PNG missing in Dell checkout; no cache file created; copy Batch 008 image bundle from Mac or restore from source artifact before Windows training
batch_008_dr_pattern_evidence_dry_run_077,dr_pattern_dominant,train,Google Colab/Fundus DR Hem Exudate Separation/review_batches/batch_008_kaggle_dr_224_full_upload_pack/images/moderate/row_0585_moderate_92f313287a29.png,F:\EyeScan_Local_Data\large_dr_82gb_work\fitting_v1_batch_008_image_cache\Google Colab\Fundus DR Hem Exudate Separation\review_batches\batch_008_kaggle_dr_224_full_upload_pack\images\moderate\row_0585_moderate_92f313287a29.png,false,,batch_008_kaggle_dr_224,Kaggle Diabetic Retinopathy 224x224 2019,source PNG missing in Dell checkout; no cache file created; copy Batch 008 image bundle from Mac or restore from source artifact before Windows training
batch_008_dr_pattern_evidence_dry_run_036,dr_pattern_dominant,train,Google Colab/Fundus DR Hem Exudate Separation/review_batches/batch_008_kaggle_dr_224_full_upload_pack/images/moderate/row_0624_moderate_9da74370835a.png,F:\EyeScan_Local_Data\large_dr_82gb_work\fitting_v1_batch_008_image_cache\Google Colab\Fundus DR Hem Exudate Separation\review_batches\batch_008_kaggle_dr_224_full_upload_pack\images\moderate\row_0624_moderate_9da74370835a.png,false,,batch_008_kaggle_dr_224,Kaggle Diabetic Retinopathy 224x224 2019,source PNG missing in Dell checkout; no cache file created; copy Batch 008 image bundle from Mac or restore from source artifact before Windows training
batch_008_dr_pattern_evidence_dry_run_031,dr_pattern_dominant,train,Google Colab/Fundus DR Hem Exudate Separation/review_batches/batch_008_kaggle_dr_224_full_upload_pack/images/moderate/row_0631_moderate_9f436886e056.png,F:\EyeScan_Local_Data\large_dr_82gb_work\fitting_v1_batch_008_image_cache\Google Colab\Fundus DR Hem Exudate Separation\review_batches\batch_008_kaggle_dr_224_full_upload_pack\images\moderate\row_0631_moderate_9f436886e056.png,false,,batch_008_kaggle_dr_224,Kaggle Diabetic Retinopathy 224x224 2019,source PNG missing in Dell checkout; no cache file created; copy Batch 008 image bundle from Mac or restore from source artifact before Windows training
batch_008_dr_pattern_evidence_dry_run_082,dr_pattern_dominant,train,Google Colab/Fundus DR Hem Exudate Separation/review_batches/batch_008_kaggle_dr_224_full_upload_pack/images/moderate/row_0632_moderate_9f5a8665cf2e.png,F:\EyeScan_Local_Data\large_dr_82gb_work\fitting_v1_batch_008_image_cache\Google Colab\Fundus DR Hem Exudate Separation\review_batches\batch_008_kaggle_dr_224_full_upload_pack\images\moderate\row_0632_moderate_9f5a8665cf2e.png,false,,batch_008_kaggle_dr_224,Kaggle Diabetic Retinopathy 224x224 2019,source PNG missing in Dell checkout; no cache file created; copy Batch 008 image bundle from Mac or restore from source artifact before Windows training
batch_008_dr_pattern_evidence_dry_run_070,dr_pattern_dominant,train,Google Colab/Fundus DR Hem Exudate Separation/review_batches/batch_008_kaggle_dr_224_full_upload_pack/images/moderate/row_0633_moderate_9faad91b6578.png,F:\EyeScan_Local_Data\large_dr_82gb_work\fitting_v1_batch_008_image_cache\Google Colab\Fundus DR Hem Exudate Separation\review_batches\batch_008_kaggle_dr_224_full_upload_pack\images\moderate\row_0633_moderate_9faad91b6578.png,false,,batch_008_kaggle_dr_224,Kaggle Diabetic Retinopathy 224x224 2019,source PNG missing in Dell checkout; no cache file created; copy Batch 008 image bundle from Mac or restore from source artifact before Windows training
batch_008_dr_pattern_evidence_dry_run_045,dr_pattern_dominant,train,Google Colab/Fundus DR Hem Exudate Separation/review_batches/batch_008_kaggle_dr_224_full_upload_pack/images/moderate/row_0646_moderate_a19507501b40.png,F:\EyeScan_Local_Data\large_dr_82gb_work\fitting_v1_batch_008_image_cache\Google Colab\Fundus DR Hem Exudate Separation\review_batches\batch_008_kaggle_dr_224_full_upload_pack\images\moderate\row_0646_moderate_a19507501b40.png,false,,batch_008_kaggle_dr_224,Kaggle Diabetic Retinopathy 224x224 2019,source PNG missing in Dell checkout; no cache file created; copy Batch 008 image bundle from Mac or restore from source artifact before Windows training
batch_008_dr_pattern_evidence_dry_run_057,dr_pattern_dominant,train,Google Colab/Fundus DR Hem Exudate Separation/review_batches/batch_008_kaggle_dr_224_full_upload_pack/images/moderate/row_0648_moderate_a21b37719f9b.png,F:\EyeScan_Local_Data\large_dr_82gb_work\fitting_v1_batch_008_image_cache\Google Colab\Fundus DR Hem Exudate Separation\review_batches\batch_008_kaggle_dr_224_full_upload_pack\images\moderate\row_0648_moderate_a21b37719f9b.png,false,,batch_008_kaggle_dr_224,Kaggle Diabetic Retinopathy 224x224 2019,source PNG missing in Dell checkout; no cache file created; copy Batch 008 image bundle from Mac or restore from source artifact before Windows training
batch_008_dr_pattern_evidence_dry_run_074,dr_pattern_dominant,train,Google Colab/Fundus DR Hem Exudate Separation/review_batches/batch_008_kaggle_dr_224_full_upload_pack/images/moderate/row_0663_moderate_a505981d1cab.png,F:\EyeScan_Local_Data\large_dr_82gb_work\fitting_v1_batch_008_image_cache\Google Colab\Fundus DR Hem Exudate Separation\review_batches\batch_008_kaggle_dr_224_full_upload_pack\images\moderate\row_0663_moderate_a505981d1cab.png,false,,batch_008_kaggle_dr_224,Kaggle Diabetic Retinopathy 224x224 2019,source PNG missing in Dell checkout; no cache file created; copy Batch 008 image bundle from Mac or restore from source artifact before Windows training
batch_008_dr_pattern_evidence_dry_run_046,dr_pattern_dominant,train,Google Colab/Fundus DR Hem Exudate Separation/review_batches/batch_008_kaggle_dr_224_full_upload_pack/images/moderate/row_0669_moderate_a66c3165876f.png,F:\EyeScan_Local_Data\large_dr_82gb_work\fitting_v1_batch_008_image_cache\Google Colab\Fundus DR Hem Exudate Separation\review_batches\batch_008_kaggle_dr_224_full_upload_pack\images\moderate\row_0669_moderate_a66c3165876f.png,false,,batch_008_kaggle_dr_224,Kaggle Diabetic Retinopathy 224x224 2019,source PNG missing in Dell checkout; no cache file created; copy Batch 008 image bundle from Mac or restore from source artifact before Windows training
batch_008_dr_pattern_evidence_dry_run_039,dr_pattern_dominant,train,Google Colab/Fundus DR Hem Exudate Separation/review_batches/batch_008_kaggle_dr_224_full_upload_pack/images/moderate/row_0673_moderate_a790a3b36390.png,F:\EyeScan_Local_Data\large_dr_82gb_work\fitting_v1_batch_008_image_cache\Google Colab\Fundus DR Hem Exudate Separation\review_batches\batch_008_kaggle_dr_224_full_upload_pack\images\moderate\row_0673_moderate_a790a3b36390.png,false,,batch_008_kaggle_dr_224,Kaggle Diabetic Retinopathy 224x224 2019,source PNG missing in Dell checkout; no cache file created; copy Batch 008 image bundle from Mac or restore from source artifact before Windows training
batch_008_dr_pattern_evidence_dry_run_080,dr_pattern_dominant,train,Google Colab/Fundus DR Hem Exudate Separation/review_batches/batch_008_kaggle_dr_224_full_upload_pack/images/moderate/row_0688_moderate_aa0afc41ed19.png,F:\EyeScan_Local_Data\large_dr_82gb_work\fitting_v1_batch_008_image_cache\Google Colab\Fundus DR Hem Exudate Separation\review_batches\batch_008_kaggle_dr_224_full_upload_pack\images\moderate\row_0688_moderate_aa0afc41ed19.png,false,,batch_008_kaggle_dr_224,Kaggle Diabetic Retinopathy 224x224 2019,source PNG missing in Dell checkout; no cache file created; copy Batch 008 image bundle from Mac or restore from source artifact before Windows training
batch_008_dr_pattern_evidence_dry_run_043,dr_pattern_dominant,train,Google Colab/Fundus DR Hem Exudate Separation/review_batches/batch_008_kaggle_dr_224_full_upload_pack/images/moderate/row_0690_moderate_aa5ce75edcf5.png,F:\EyeScan_Local_Data\large_dr_82gb_work\fitting_v1_batch_008_image_cache\Google Colab\Fundus DR Hem Exudate Separation\review_batches\batch_008_kaggle_dr_224_full_upload_pack\images\moderate\row_0690_moderate_aa5ce75edcf5.png,false,,batch_008_kaggle_dr_224,Kaggle Diabetic Retinopathy 224x224 2019,source PNG missing in Dell checkout; no cache file created; copy Batch 008 image bundle from Mac or restore from source artifact before Windows training
batch_008_dr_pattern_evidence_dry_run_049,dr_pattern_dominant,train,Google Colab/Fundus DR Hem Exudate Separation/review_batches/batch_008_kaggle_dr_224_full_upload_pack/images/moderate/row_0701_moderate_aca88f566228.png,F:\EyeScan_Local_Data\large_dr_82gb_work\fitting_v1_batch_008_image_cache\Google Colab\Fundus DR Hem Exudate Separation\review_batches\batch_008_kaggle_dr_224_full_upload_pack\images\moderate\row_0701_moderate_aca88f566228.png,false,,batch_008_kaggle_dr_224,Kaggle Diabetic Retinopathy 224x224 2019,source PNG missing in Dell checkout; no cache file created; copy Batch 008 image bundle from Mac or restore from source artifact before Windows training
batch_008_dr_pattern_evidence_dry_run_090,dr_pattern_dominant,train,Google Colab/Fundus DR Hem Exudate Separation/review_batches/batch_008_kaggle_dr_224_full_upload_pack/images/moderate/row_0727_moderate_b402daa0864c.png,F:\EyeScan_Local_Data\large_dr_82gb_work\fitting_v1_batch_008_image_cache\Google Colab\Fundus DR Hem Exudate Separation\review_batches\batch_008_kaggle_dr_224_full_upload_pack\images\moderate\row_0727_moderate_b402daa0864c.png,false,,batch_008_kaggle_dr_224,Kaggle Diabetic Retinopathy 224x224 2019,source PNG missing in Dell checkout; no cache file created; copy Batch 008 image bundle from Mac or restore from source artifact before Windows training
batch_008_dr_pattern_evidence_dry_run_066,dr_pattern_dominant,train,Google Colab/Fundus DR Hem Exudate Separation/review_batches/batch_008_kaggle_dr_224_full_upload_pack/images/moderate/row_0732_moderate_b60dbf9f0744.png,F:\EyeScan_Local_Data\large_dr_82gb_work\fitting_v1_batch_008_image_cache\Google Colab\Fundus DR Hem Exudate Separation\review_batches\batch_008_kaggle_dr_224_full_upload_pack\images\moderate\row_0732_moderate_b60dbf9f0744.png,false,,batch_008_kaggle_dr_224,Kaggle Diabetic Retinopathy 224x224 2019,source PNG missing in Dell checkout; no cache file created; copy Batch 008 image bundle from Mac or restore from source artifact before Windows training
batch_008_dr_pattern_evidence_dry_run_087,dr_pattern_dominant,train,Google Colab/Fundus DR Hem Exudate Separation/review_batches/batch_008_kaggle_dr_224_full_upload_pack/images/moderate/row_0742_moderate_b8f1b30877db.png,F:\EyeScan_Local_Data\large_dr_82gb_work\fitting_v1_batch_008_image_cache\Google Colab\Fundus DR Hem Exudate Separation\review_batches\batch_008_kaggle_dr_224_full_upload_pack\images\moderate\row_0742_moderate_b8f1b30877db.png,false,,batch_008_kaggle_dr_224,Kaggle Diabetic Retinopathy 224x224 2019,source PNG missing in Dell checkout; no cache file created; copy Batch 008 image bundle from Mac or restore from source artifact before Windows training
batch_008_dr_pattern_evidence_dry_run_058,dr_pattern_dominant,train,Google Colab/Fundus DR Hem Exudate Separation/review_batches/batch_008_kaggle_dr_224_full_upload_pack/images/moderate/row_0758_moderate_bcdc8db5423b.png,F:\EyeScan_Local_Data\large_dr_82gb_work\fitting_v1_batch_008_image_cache\Google Colab\Fundus DR Hem Exudate Separation\review_batches\batch_008_kaggle_dr_224_full_upload_pack\images\moderate\row_0758_moderate_bcdc8db5423b.png,false,,batch_008_kaggle_dr_224,Kaggle Diabetic Retinopathy 224x224 2019,source PNG missing in Dell checkout; no cache file created; copy Batch 008 image bundle from Mac or restore from source artifact before Windows training
batch_008_dr_pattern_evidence_dry_run_050,dr_pattern_dominant,train,Google Colab/Fundus DR Hem Exudate Separation/review_batches/batch_008_kaggle_dr_224_full_upload_pack/images/moderate/row_0774_moderate_c05b7b4c22fe.png,F:\EyeScan_Local_Data\large_dr_82gb_work\fitting_v1_batch_008_image_cache\Google Colab\Fundus DR Hem Exudate Separation\review_batches\batch_008_kaggle_dr_224_full_upload_pack\images\moderate\row_0774_moderate_c05b7b4c22fe.png,false,,batch_008_kaggle_dr_224,Kaggle Diabetic Retinopathy 224x224 2019,source PNG missing in Dell checkout; no cache file created; copy Batch 008 image bundle from Mac or restore from source artifact before Windows training
batch_008_dr_pattern_evidence_dry_run_024,dr_pattern_dominant,train,Google Colab/Fundus DR Hem Exudate Separation/review_batches/batch_008_kaggle_dr_224_full_upload_pack/images/moderate/row_0775_moderate_c1c8550508e0.png,F:\EyeScan_Local_Data\large_dr_82gb_work\fitting_v1_batch_008_image_cache\Google Colab\Fundus DR Hem Exudate Separation\review_batches\batch_008_kaggle_dr_224_full_upload_pack\images\moderate\row_0775_moderate_c1c8550508e0.png,false,,batch_008_kaggle_dr_224,Kaggle Diabetic Retinopathy 224x224 2019,source PNG missing in Dell checkout; no cache file created; copy Batch 008 image bundle from Mac or restore from source artifact before Windows training
batch_008_dr_pattern_evidence_dry_run_071,dr_pattern_dominant,train,Google Colab/Fundus DR Hem Exudate Separation/review_batches/batch_008_kaggle_dr_224_full_upload_pack/images/moderate/row_0778_moderate_c280730cc211.png,F:\EyeScan_Local_Data\large_dr_82gb_work\fitting_v1_batch_008_image_cache\Google Colab\Fundus DR Hem Exudate Separation\review_batches\batch_008_kaggle_dr_224_full_upload_pack\images\moderate\row_0778_moderate_c280730cc211.png,false,,batch_008_kaggle_dr_224,Kaggle Diabetic Retinopathy 224x224 2019,source PNG missing in Dell checkout; no cache file created; copy Batch 008 image bundle from Mac or restore from source artifact before Windows training
batch_008_dr_pattern_evidence_dry_run_019,dr_pattern_dominant,train,Google Colab/Fundus DR Hem Exudate Separation/review_batches/batch_008_kaggle_dr_224_full_upload_pack/images/moderate/row_0794_moderate_c6e1e9fbf39b.png,F:\EyeScan_Local_Data\large_dr_82gb_work\fitting_v1_batch_008_image_cache\Google Colab\Fundus DR Hem Exudate Separation\review_batches\batch_008_kaggle_dr_224_full_upload_pack\images\moderate\row_0794_moderate_c6e1e9fbf39b.png,false,,batch_008_kaggle_dr_224,Kaggle Diabetic Retinopathy 224x224 2019,source PNG missing in Dell checkout; no cache file created; copy Batch 008 image bundle from Mac or restore from source artifact before Windows training
batch_008_dr_pattern_evidence_dry_run_089,dr_pattern_dominant,train,Google Colab/Fundus DR Hem Exudate Separation/review_batches/batch_008_kaggle_dr_224_full_upload_pack/images/moderate/row_0796_moderate_c73c5f6ef664.png,F:\EyeScan_Local_Data\large_dr_82gb_work\fitting_v1_batch_008_image_cache\Google Colab\Fundus DR Hem Exudate Separation\review_batches\batch_008_kaggle_dr_224_full_upload_pack\images\moderate\row_0796_moderate_c73c5f6ef664.png,false,,batch_008_kaggle_dr_224,Kaggle Diabetic Retinopathy 224x224 2019,source PNG missing in Dell checkout; no cache file created; copy Batch 008 image bundle from Mac or restore from source artifact before Windows training
batch_008_dr_pattern_evidence_dry_run_060,dr_pattern_dominant,train,Google Colab/Fundus DR Hem Exudate Separation/review_batches/batch_008_kaggle_dr_224_full_upload_pack/images/moderate/row_0800_moderate_c87493ed320c.png,F:\EyeScan_Local_Data\large_dr_82gb_work\fitting_v1_batch_008_image_cache\Google Colab\Fundus DR Hem Exudate Separation\review_batches\batch_008_kaggle_dr_224_full_upload_pack\images\moderate\row_0800_moderate_c87493ed320c.png,false,,batch_008_kaggle_dr_224,Kaggle Diabetic Retinopathy 224x224 2019,source PNG missing in Dell checkout; no cache file created; copy Batch 008 image bundle from Mac or restore from source artifact before Windows training
batch_008_dr_pattern_evidence_dry_run_016,dr_pattern_dominant,train,Google Colab/Fundus DR Hem Exudate Separation/review_batches/batch_008_kaggle_dr_224_full_upload_pack/images/moderate/row_0802_moderate_c8905b8d5cf1.png,F:\EyeScan_Local_Data\large_dr_82gb_work\fitting_v1_batch_008_image_cache\Google Colab\Fundus DR Hem Exudate Separation\review_batches\batch_008_kaggle_dr_224_full_upload_pack\images\moderate\row_0802_moderate_c8905b8d5cf1.png,false,,batch_008_kaggle_dr_224,Kaggle Diabetic Retinopathy 224x224 2019,source PNG missing in Dell checkout; no cache file created; copy Batch 008 image bundle from Mac or restore from source artifact before Windows training
batch_008_dr_pattern_evidence_dry_run_056,dr_pattern_dominant,train,Google Colab/Fundus DR Hem Exudate Separation/review_batches/batch_008_kaggle_dr_224_full_upload_pack/images/moderate/row_0808_moderate_ca7570c5925c.png,F:\EyeScan_Local_Data\large_dr_82gb_work\fitting_v1_batch_008_image_cache\Google Colab\Fundus DR Hem Exudate Separation\review_batches\batch_008_kaggle_dr_224_full_upload_pack\images\moderate\row_0808_moderate_ca7570c5925c.png,false,,batch_008_kaggle_dr_224,Kaggle Diabetic Retinopathy 224x224 2019,source PNG missing in Dell checkout; no cache file created; copy Batch 008 image bundle from Mac or restore from source artifact before Windows training
batch_008_dr_pattern_evidence_dry_run_041,dr_pattern_dominant,train,Google Colab/Fundus DR Hem Exudate Separation/review_batches/batch_008_kaggle_dr_224_full_upload_pack/images/moderate/row_0818_moderate_cbf0394039f8.png,F:\EyeScan_Local_Data\large_dr_82gb_work\fitting_v1_batch_008_image_cache\Google Colab\Fundus DR Hem Exudate Separation\review_batches\batch_008_kaggle_dr_224_full_upload_pack\images\moderate\row_0818_moderate_cbf0394039f8.png,false,,batch_008_kaggle_dr_224,Kaggle Diabetic Retinopathy 224x224 2019,source PNG missing in Dell checkout; no cache file created; copy Batch 008 image bundle from Mac or restore from source artifact before Windows training
batch_008_dr_pattern_evidence_dry_run_093,dr_pattern_dominant,train,Google Colab/Fundus DR Hem Exudate Separation/review_batches/batch_008_kaggle_dr_224_full_upload_pack/images/moderate/row_0822_moderate_ccd34029493d.png,F:\EyeScan_Local_Data\large_dr_82gb_work\fitting_v1_batch_008_image_cache\Google Colab\Fundus DR Hem Exudate Separation\review_batches\batch_008_kaggle_dr_224_full_upload_pack\images\moderate\row_0822_moderate_ccd34029493d.png,false,,batch_008_kaggle_dr_224,Kaggle Diabetic Retinopathy 224x224 2019,source PNG missing in Dell checkout; no cache file created; copy Batch 008 image bundle from Mac or restore from source artifact before Windows training
batch_008_dr_pattern_evidence_dry_run_052,dr_pattern_dominant,train,Google Colab/Fundus DR Hem Exudate Separation/review_batches/batch_008_kaggle_dr_224_full_upload_pack/images/moderate/row_0828_moderate_ceaa5803d780.png,F:\EyeScan_Local_Data\large_dr_82gb_work\fitting_v1_batch_008_image_cache\Google Colab\Fundus DR Hem Exudate Separation\review_batches\batch_008_kaggle_dr_224_full_upload_pack\images\moderate\row_0828_moderate_ceaa5803d780.png,false,,batch_008_kaggle_dr_224,Kaggle Diabetic Retinopathy 224x224 2019,source PNG missing in Dell checkout; no cache file created; copy Batch 008 image bundle from Mac or restore from source artifact before Windows training
batch_008_dr_pattern_evidence_dry_run_075,dr_pattern_dominant,train,Google Colab/Fundus DR Hem Exudate Separation/review_batches/batch_008_kaggle_dr_224_full_upload_pack/images/moderate/row_0870_moderate_d994203deb64.png,F:\EyeScan_Local_Data\large_dr_82gb_work\fitting_v1_batch_008_image_cache\Google Colab\Fundus DR Hem Exudate Separation\review_batches\batch_008_kaggle_dr_224_full_upload_pack\images\moderate\row_0870_moderate_d994203deb64.png,false,,batch_008_kaggle_dr_224,Kaggle Diabetic Retinopathy 224x224 2019,source PNG missing in Dell checkout; no cache file created; copy Batch 008 image bundle from Mac or restore from source artifact before Windows training
batch_008_dr_pattern_evidence_dry_run_053,dr_pattern_dominant,train,Google Colab/Fundus DR Hem Exudate Separation/review_batches/batch_008_kaggle_dr_224_full_upload_pack/images/moderate/row_0889_moderate_df841a0440d8.png,F:\EyeScan_Local_Data\large_dr_82gb_work\fitting_v1_batch_008_image_cache\Google Colab\Fundus DR Hem Exudate Separation\review_batches\batch_008_kaggle_dr_224_full_upload_pack\images\moderate\row_0889_moderate_df841a0440d8.png,false,,batch_008_kaggle_dr_224,Kaggle Diabetic Retinopathy 224x224 2019,source PNG missing in Dell checkout; no cache file created; copy Batch 008 image bundle from Mac or restore from source artifact before Windows training
batch_008_dr_pattern_evidence_dry_run_032,dr_pattern_dominant,train,Google Colab/Fundus DR Hem Exudate Separation/review_batches/batch_008_kaggle_dr_224_full_upload_pack/images/moderate/row_0890_moderate_e03e70bc8bba.png,F:\EyeScan_Local_Data\large_dr_82gb_work\fitting_v1_batch_008_image_cache\Google Colab\Fundus DR Hem Exudate Separation\review_batches\batch_008_kaggle_dr_224_full_upload_pack\images\moderate\row_0890_moderate_e03e70bc8bba.png,false,,batch_008_kaggle_dr_224,Kaggle Diabetic Retinopathy 224x224 2019,source PNG missing in Dell checkout; no cache file created; copy Batch 008 image bundle from Mac or restore from source artifact before Windows training
batch_008_dr_pattern_evidence_dry_run_088,dr_pattern_dominant,train,Google Colab/Fundus DR Hem Exudate Separation/review_batches/batch_008_kaggle_dr_224_full_upload_pack/images/moderate/row_0908_moderate_e387311a840e.png,F:\EyeScan_Local_Data\large_dr_82gb_work\fitting_v1_batch_008_image_cache\Google Colab\Fundus DR Hem Exudate Separation\review_batches\batch_008_kaggle_dr_224_full_upload_pack\images\moderate\row_0908_moderate_e387311a840e.png,false,,batch_008_kaggle_dr_224,Kaggle Diabetic Retinopathy 224x224 2019,source PNG missing in Dell checkout; no cache file created; copy Batch 008 image bundle from Mac or restore from source artifact before Windows training
batch_008_dr_pattern_evidence_dry_run_068,dr_pattern_dominant,train,Google Colab/Fundus DR Hem Exudate Separation/review_batches/batch_008_kaggle_dr_224_full_upload_pack/images/moderate/row_0911_moderate_e4151feb8443.png,F:\EyeScan_Local_Data\large_dr_82gb_work\fitting_v1_batch_008_image_cache\Google Colab\Fundus DR Hem Exudate Separation\review_batches\batch_008_kaggle_dr_224_full_upload_pack\images\moderate\row_0911_moderate_e4151feb8443.png,false,,batch_008_kaggle_dr_224,Kaggle Diabetic Retinopathy 224x224 2019,source PNG missing in Dell checkout; no cache file created; copy Batch 008 image bundle from Mac or restore from source artifact before Windows training
batch_008_dr_pattern_evidence_dry_run_028,dr_pattern_dominant,train,Google Colab/Fundus DR Hem Exudate Separation/review_batches/batch_008_kaggle_dr_224_full_upload_pack/images/moderate/row_0951_moderate_ee74c3b177e0.png,F:\EyeScan_Local_Data\large_dr_82gb_work\fitting_v1_batch_008_image_cache\Google Colab\Fundus DR Hem Exudate Separation\review_batches\batch_008_kaggle_dr_224_full_upload_pack\images\moderate\row_0951_moderate_ee74c3b177e0.png,false,,batch_008_kaggle_dr_224,Kaggle Diabetic Retinopathy 224x224 2019,source PNG missing in Dell checkout; no cache file created; copy Batch 008 image bundle from Mac or restore from source artifact before Windows training
batch_008_dr_pattern_evidence_dry_run_072,dr_pattern_dominant,train,Google Colab/Fundus DR Hem Exudate Separation/review_batches/batch_008_kaggle_dr_224_full_upload_pack/images/moderate/row_0964_moderate_f3b6b7ca1eb1.png,F:\EyeScan_Local_Data\large_dr_82gb_work\fitting_v1_batch_008_image_cache\Google Colab\Fundus DR Hem Exudate Separation\review_batches\batch_008_kaggle_dr_224_full_upload_pack\images\moderate\row_0964_moderate_f3b6b7ca1eb1.png,false,,batch_008_kaggle_dr_224,Kaggle Diabetic Retinopathy 224x224 2019,source PNG missing in Dell checkout; no cache file created; copy Batch 008 image bundle from Mac or restore from source artifact before Windows training
batch_008_dr_pattern_evidence_dry_run_062,dr_pattern_dominant,train,Google Colab/Fundus DR Hem Exudate Separation/review_batches/batch_008_kaggle_dr_224_full_upload_pack/images/moderate/row_0966_moderate_f45f1485c940.png,F:\EyeScan_Local_Data\large_dr_82gb_work\fitting_v1_batch_008_image_cache\Google Colab\Fundus DR Hem Exudate Separation\review_batches\batch_008_kaggle_dr_224_full_upload_pack\images\moderate\row_0966_moderate_f45f1485c940.png,false,,batch_008_kaggle_dr_224,Kaggle Diabetic Retinopathy 224x224 2019,source PNG missing in Dell checkout; no cache file created; copy Batch 008 image bundle from Mac or restore from source artifact before Windows training
batch_008_dr_pattern_evidence_dry_run_013,dr_pattern_dominant,train,Google Colab/Fundus DR Hem Exudate Separation/review_batches/batch_008_kaggle_dr_224_full_upload_pack/images/moderate/row_0969_moderate_f583a722434c.png,F:\EyeScan_Local_Data\large_dr_82gb_work\fitting_v1_batch_008_image_cache\Google Colab\Fundus DR Hem Exudate Separation\review_batches\batch_008_kaggle_dr_224_full_upload_pack\images\moderate\row_0969_moderate_f583a722434c.png,false,,batch_008_kaggle_dr_224,Kaggle Diabetic Retinopathy 224x224 2019,source PNG missing in Dell checkout; no cache file created; copy Batch 008 image bundle from Mac or restore from source artifact before Windows training
batch_008_dr_pattern_evidence_dry_run_081,dr_pattern_dominant,train,Google Colab/Fundus DR Hem Exudate Separation/review_batches/batch_008_kaggle_dr_224_full_upload_pack/images/moderate/row_0973_moderate_f7edc074f06b.png,F:\EyeScan_Local_Data\large_dr_82gb_work\fitting_v1_batch_008_image_cache\Google Colab\Fundus DR Hem Exudate Separation\review_batches\batch_008_kaggle_dr_224_full_upload_pack\images\moderate\row_0973_moderate_f7edc074f06b.png,false,,batch_008_kaggle_dr_224,Kaggle Diabetic Retinopathy 224x224 2019,source PNG missing in Dell checkout; no cache file created; copy Batch 008 image bundle from Mac or restore from source artifact before Windows training
batch_008_dr_pattern_evidence_dry_run_048,dr_pattern_dominant,train,Google Colab/Fundus DR Hem Exudate Separation/review_batches/batch_008_kaggle_dr_224_full_upload_pack/images/moderate/row_0974_moderate_f80118bbda18.png,F:\EyeScan_Local_Data\large_dr_82gb_work\fitting_v1_batch_008_image_cache\Google Colab\Fundus DR Hem Exudate Separation\review_batches\batch_008_kaggle_dr_224_full_upload_pack\images\moderate\row_0974_moderate_f80118bbda18.png,false,,batch_008_kaggle_dr_224,Kaggle Diabetic Retinopathy 224x224 2019,source PNG missing in Dell checkout; no cache file created; copy Batch 008 image bundle from Mac or restore from source artifact before Windows training
batch_008_dr_pattern_evidence_dry_run_059,dr_pattern_dominant,train,Google Colab/Fundus DR Hem Exudate Separation/review_batches/batch_008_kaggle_dr_224_full_upload_pack/images/moderate/row_0977_moderate_f920ccd926db.png,F:\EyeScan_Local_Data\large_dr_82gb_work\fitting_v1_batch_008_image_cache\Google Colab\Fundus DR Hem Exudate Separation\review_batches\batch_008_kaggle_dr_224_full_upload_pack\images\moderate\row_0977_moderate_f920ccd926db.png,false,,batch_008_kaggle_dr_224,Kaggle Diabetic Retinopathy 224x224 2019,source PNG missing in Dell checkout; no cache file created; copy Batch 008 image bundle from Mac or restore from source artifact before Windows training
batch_008_dr_pattern_evidence_dry_run_086,dr_pattern_dominant,train,Google Colab/Fundus DR Hem Exudate Separation/review_batches/batch_008_kaggle_dr_224_full_upload_pack/images/moderate/row_0987_moderate_fc4c2d35c6f8.png,F:\EyeScan_Local_Data\large_dr_82gb_work\fitting_v1_batch_008_image_cache\Google Colab\Fundus DR Hem Exudate Separation\review_batches\batch_008_kaggle_dr_224_full_upload_pack\images\moderate\row_0987_moderate_fc4c2d35c6f8.png,false,,batch_008_kaggle_dr_224,Kaggle Diabetic Retinopathy 224x224 2019,source PNG missing in Dell checkout; no cache file created; copy Batch 008 image bundle from Mac or restore from source artifact before Windows training
batch_008_dr_pattern_evidence_dry_run_004,dr_pattern_dominant,train,Google Colab/Fundus DR Hem Exudate Separation/review_batches/batch_008_kaggle_dr_224_full_upload_pack/images/severe/row_1022_severe_1b495ac025b7.png,F:\EyeScan_Local_Data\large_dr_82gb_work\fitting_v1_batch_008_image_cache\Google Colab\Fundus DR Hem Exudate Separation\review_batches\batch_008_kaggle_dr_224_full_upload_pack\images\severe\row_1022_severe_1b495ac025b7.png,false,,batch_008_kaggle_dr_224,Kaggle Diabetic Retinopathy 224x224 2019,source PNG missing in Dell checkout; no cache file created; copy Batch 008 image bundle from Mac or restore from source artifact before Windows training
batch_008_dr_pattern_evidence_dry_run_007,dr_pattern_dominant,train,Google Colab/Fundus DR Hem Exudate Separation/review_batches/batch_008_kaggle_dr_224_full_upload_pack/images/severe/row_1047_severe_3fa4f4d77177.png,F:\EyeScan_Local_Data\large_dr_82gb_work\fitting_v1_batch_008_image_cache\Google Colab\Fundus DR Hem Exudate Separation\review_batches\batch_008_kaggle_dr_224_full_upload_pack\images\severe\row_1047_severe_3fa4f4d77177.png,false,,batch_008_kaggle_dr_224,Kaggle Diabetic Retinopathy 224x224 2019,source PNG missing in Dell checkout; no cache file created; copy Batch 008 image bundle from Mac or restore from source artifact before Windows training
batch_008_dr_pattern_evidence_dry_run_011,dr_pattern_dominant,train,Google Colab/Fundus DR Hem Exudate Separation/review_batches/batch_008_kaggle_dr_224_full_upload_pack/images/severe/row_1048_severe_405b4f78658f.png,F:\EyeScan_Local_Data\large_dr_82gb_work\fitting_v1_batch_008_image_cache\Google Colab\Fundus DR Hem Exudate Separation\review_batches\batch_008_kaggle_dr_224_full_upload_pack\images\severe\row_1048_severe_405b4f78658f.png,false,,batch_008_kaggle_dr_224,Kaggle Diabetic Retinopathy 224x224 2019,source PNG missing in Dell checkout; no cache file created; copy Batch 008 image bundle from Mac or restore from source artifact before Windows training
batch_008_dr_pattern_evidence_dry_run_003,dr_pattern_dominant,train,Google Colab/Fundus DR Hem Exudate Separation/review_batches/batch_008_kaggle_dr_224_full_upload_pack/images/severe/row_1085_severe_72595230840c.png,F:\EyeScan_Local_Data\large_dr_82gb_work\fitting_v1_batch_008_image_cache\Google Colab\Fundus DR Hem Exudate Separation\review_batches\batch_008_kaggle_dr_224_full_upload_pack\images\severe\row_1085_severe_72595230840c.png,false,,batch_008_kaggle_dr_224,Kaggle Diabetic Retinopathy 224x224 2019,source PNG missing in Dell checkout; no cache file created; copy Batch 008 image bundle from Mac or restore from source artifact before Windows training
batch_008_dr_pattern_evidence_dry_run_010,dr_pattern_dominant,train,Google Colab/Fundus DR Hem Exudate Separation/review_batches/batch_008_kaggle_dr_224_full_upload_pack/images/severe/row_1168_severe_dd3dad6ca78f.png,F:\EyeScan_Local_Data\large_dr_82gb_work\fitting_v1_batch_008_image_cache\Google Colab\Fundus DR Hem Exudate Separation\review_batches\batch_008_kaggle_dr_224_full_upload_pack\images\severe\row_1168_severe_dd3dad6ca78f.png,false,,batch_008_kaggle_dr_224,Kaggle Diabetic Retinopathy 224x224 2019,source PNG missing in Dell checkout; no cache file created; copy Batch 008 image bundle from Mac or restore from source artifact before Windows training
batch_008_dr_pattern_evidence_dry_run_001,dr_pattern_dominant,train,Google Colab/Fundus DR Hem Exudate Separation/review_batches/batch_008_kaggle_dr_224_full_upload_pack/images/severe/row_1185_severe_f64214bed40e.png,F:\EyeScan_Local_Data\large_dr_82gb_work\fitting_v1_batch_008_image_cache\Google Colab\Fundus DR Hem Exudate Separation\review_batches\batch_008_kaggle_dr_224_full_upload_pack\images\severe\row_1185_severe_f64214bed40e.png,false,,batch_008_kaggle_dr_224,Kaggle Diabetic Retinopathy 224x224 2019,source PNG missing in Dell checkout; no cache file created; copy Batch 008 image bundle from Mac or restore from source artifact before Windows training
batch_008_dr_pattern_evidence_dry_run_008,dr_pattern_dominant,train,Google Colab/Fundus DR Hem Exudate Separation/review_batches/batch_008_kaggle_dr_224_full_upload_pack/images/proliferate_dr/row_1270_proliferate_dr_44ecf3f4efa5.png,F:\EyeScan_Local_Data\large_dr_82gb_work\fitting_v1_batch_008_image_cache\Google Colab\Fundus DR Hem Exudate Separation\review_batches\batch_008_kaggle_dr_224_full_upload_pack\images\proliferate_dr\row_1270_proliferate_dr_44ecf3f4efa5.png,false,,batch_008_kaggle_dr_224,Kaggle Diabetic Retinopathy 224x224 2019,source PNG missing in Dell checkout; no cache file created; copy Batch 008 image bundle from Mac or restore from source artifact before Windows training
batch_008_dr_pattern_evidence_dry_run_009,dr_pattern_dominant,train,Google Colab/Fundus DR Hem Exudate Separation/review_batches/batch_008_kaggle_dr_224_full_upload_pack/images/proliferate_dr/row_1272_proliferate_dr_46cdc8b685bd.png,F:\EyeScan_Local_Data\large_dr_82gb_work\fitting_v1_batch_008_image_cache\Google Colab\Fundus DR Hem Exudate Separation\review_batches\batch_008_kaggle_dr_224_full_upload_pack\images\proliferate_dr\row_1272_proliferate_dr_46cdc8b685bd.png,false,,batch_008_kaggle_dr_224,Kaggle Diabetic Retinopathy 224x224 2019,source PNG missing in Dell checkout; no cache file created; copy Batch 008 image bundle from Mac or restore from source artifact before Windows training
batch_008_dr_pattern_evidence_dry_run_002,dr_pattern_dominant,train,Google Colab/Fundus DR Hem Exudate Separation/review_batches/batch_008_kaggle_dr_224_full_upload_pack/images/proliferate_dr/row_1321_proliferate_dr_6daef3e5ca22.png,F:\EyeScan_Local_Data\large_dr_82gb_work\fitting_v1_batch_008_image_cache\Google Colab\Fundus DR Hem Exudate Separation\review_batches\batch_008_kaggle_dr_224_full_upload_pack\images\proliferate_dr\row_1321_proliferate_dr_6daef3e5ca22.png,false,,batch_008_kaggle_dr_224,Kaggle Diabetic Retinopathy 224x224 2019,source PNG missing in Dell checkout; no cache file created; copy Batch 008 image bundle from Mac or restore from source artifact before Windows training
batch_008_dr_pattern_evidence_dry_run_006,dr_pattern_dominant,train,Google Colab/Fundus DR Hem Exudate Separation/review_batches/batch_008_kaggle_dr_224_full_upload_pack/images/proliferate_dr/row_1418_proliferate_dr_c3d12a23f451.png,F:\EyeScan_Local_Data\large_dr_82gb_work\fitting_v1_batch_008_image_cache\Google Colab\Fundus DR Hem Exudate Separation\review_batches\batch_008_kaggle_dr_224_full_upload_pack\images\proliferate_dr\row_1418_proliferate_dr_c3d12a23f451.png,false,,batch_008_kaggle_dr_224,Kaggle Diabetic Retinopathy 224x224 2019,source PNG missing in Dell checkout; no cache file created; copy Batch 008 image bundle from Mac or restore from source artifact before Windows training
batch_008_dr_pattern_evidence_dry_run_005,dr_pattern_dominant,train,Google Colab/Fundus DR Hem Exudate Separation/review_batches/batch_008_kaggle_dr_224_full_upload_pack/images/proliferate_dr/row_1432_proliferate_dr_d1a24527a15d.png,F:\EyeScan_Local_Data\large_dr_82gb_work\fitting_v1_batch_008_image_cache\Google Colab\Fundus DR Hem Exudate Separation\review_batches\batch_008_kaggle_dr_224_full_upload_pack\images\proliferate_dr\row_1432_proliferate_dr_d1a24527a15d.png,false,,batch_008_kaggle_dr_224,Kaggle Diabetic Retinopathy 224x224 2019,source PNG missing in Dell checkout; no cache file created; copy Batch 008 image bundle from Mac or restore from source artifact before Windows training
